"","sample.run","sample.no","naphthalene","phenanthrene","fluoranthene","d102methylnaphthalene","d10 Phenanthrene","d10Pyrene","consortia","sample","day","treatment"
"1","2.D",2,325.46,427.13,314.53,71.87,124.5,124.2,"r","f-b",0,"f"
"2","3-a.D",3,120.96,20.55,72.38,325.2,73.1,93.9,"r","f-c",0,"f"
"3","4.D",4,374.32,513.09,346.81,88.64,164.36,170.3,"r","c-a",0,"c"
"4","5.D",5,214.35,368.61,274.3,88.66,160.08,157.48,"r","c-b",0,"c"
"5","6.D",6,220.86,325.11,249.3,84.69,161.41,160.53,"r","c-c",0,"c"
"6","7.D",7,39.9,382.85,365.3,92.86,165.25,154.26,"r","c-a-c",0,"cc"
"7","8.D",8,67.35,420,399.6,54.75,129.66,128.86,"r","c-b-c",0,"cc"
"8","9.D",9,59.85,393.05,332.45,82.08,147.6,150.08,"r","c-c-c",0,"cc"
"9","10.D",10,389.05,608.43,422.21,110.17,144.08,144.54,"a","f-a",0,"f"
"10","11.D",11,242.26,501.15,356.94,85.62,171.02,162.94,"a","f-b",0,"f"
"11","12.D",12,296.3,501.36,328.45,86.44,133.43,124.88,"a","f-c",0,"f"
"12","13.D",13,309.66,323.83,230.85,80.43,122.65,115.49,"a","c-a",0,"c"
"13","14.D",14,220.77,291.25,227.64,75.81,146.01,135.33,"a","c-b",0,"c"
"14","15.D",15,321.45,362.11,247.09,88.78,180.97,162.08,"a","c-c",0,"c"
"15","16.D",16,197.15,435.65,356.3,86.33,155.65,132.7,"a","c-a-c",0,"cc"
"16","17.D",17,175.4,359.55,305.45,85.41,172.3,161.9,"a","c-b-c",0,"cc"
"17","18.D",18,187.45,504.4,363,106.63,181.44,160.96,"a","c-c-c",0,"cc"
"18","19.D",19,327.48,505.88,352.18,92.5,192.68,162.66,"k","f-a",0,"f"
"19","20.D",20,348.49,518.31,335.3,99.41,187.25,161.57,"k","f-b",0,"f"
"20","21.D",21,326.42,463.11,286.01,95.81,180.95,162.58,"k","f-c",0,"f"
"21","22.D",22,275.66,349.17,223.11,100.04,183.24,151.44,"k","c-a",0,"c"
"22","23.D",23,248.94,359.68,235.97,90.79,171.78,134.05,"k","c-b",0,"c"
"23","24.D",24,255.02,340.78,194.82,93.95,184.89,139.05,"k","c-c",0,"c"
"24","25.D",25,159.05,90.05,366.9,77.35,162.89,144.24,"k","c-a-c",0,"cc"
"25","26.D",26,122.4,86.9,409.6,57.19,142.79,135.26,"k","c-b-c",0,"cc"
"26","28.D",28,251.78,309.8,373.28,73.35,154.29,145.42,"m","f-a",0,"f"
"27","30.D",30,340.42,451.89,342.54,97.94,207.24,148.48,"m","f-c",0,"f"
"28","31.D",31,208.71,309.56,243.12,81.64,168.27,163.37,"m","c-a",0,"c"
"29","32.D",32,187.44,332.36,248.98,87.51,170.83,154.87,"m","c-b",0,"c"
"30","33.D",33,171.44,322.2,261.54,85.63,159.95,162.48,"m","c-c",0,"c"
"31","34.D",34,1.5,NA,115.1,49.31,118.15,106.67,"m","c-a-c",0,"cc"
"32","35.D",35,5.9,NA,278.25,64.26,141.78,129.6,"m","c-b-c",0,"cc"
"33","36.D",36,0.65,NA,368.55,71.52,162.97,147.65,"m","c-c-c",0,"cc"
"34","37.D",37,37.97,238.58,200.88,57.18,110.58,101.52,"a","f-a",7,"f"
"35","38.D",38,171.42,305.77,150.69,65.98,142.45,143.28,"a","f-b",7,"f"
"36","39.D",39,304.84,408.79,177,78.16,152.89,154.53,"a","f-c",7,"f"
"37","40.D",40,169.42,142,49.35,73.03,148,137,"a","c-a",7,"c"
"38","41.D",41,38.75,152.9,62.71,61.79,151.77,154.21,"a","c-b",7,"c"
"39","42.D",42,95.12,99.61,50.26,64.86,143.18,144.5,"a","c-c",7,"c"
"40","43.D",43,127.9,620.5,931.55,66.85,142.07,141.28,"a","c-a-c",7,"cc"
"41","44.D",44,45.7,734.25,1045.85,72.86,146.9,143.62,"a","c-b-c",7,"cc"
"42","45.D",45,92.05,543,847.7,72.82,150.38,137.74,"a","c-c-c",7,"cc"
"43","46.D",46,NA,NA,147.11,68.27,157.99,142.04,"r","f-a",7,"f"
"44","47.D",47,0.1,64.88,221,70.23,154.02,146.01,"r","f-b",7,"f"
"45","48.D",48,NA,NA,144.22,73.76,163.68,156.36,"r","f-c",7,"f"
"46","49.D",49,49.28,227.1,148.58,72.13,140.41,136.86,"r","c-a",7,"c"
"47","50.D",50,49.94,141.71,105.72,68,173.48,155.97,"r","c-b",7,"c"
"48","51.D",51,94.17,203.68,107.21,71.39,151.8,140.54,"r","c-c",7,"c"
"49","52.D",52,2.15,532.2,856.1,78.27,164.82,139.26,"r","c-a-c",7,"cc"
"50","53.D",53,6.85,408.2,759.3,78.44,163.78,143.1,"r","c-b-c",7,"cc"
"51","54.D",54,19.1,672.15,965.45,74.09,154.47,134.04,"r","c-c-c",7,"cc"
"52","55.D",55,1.03,NA,41.85,77.25,165.79,146.01,"m","f-b",7,"f"
"53","56.D",56,NA,NA,20.96,80.64,164.44,152.93,"m","f-a",7,"f"
"54","58.D",58,7.83,13.85,96.53,66.71,145.5,137.53,"m","c-a",7,"c"
"55","59.D",59,58.28,123.35,94.23,61.08,150.68,128.7,"m","c-b",7,"c"
"56","60.D",60,12.19,23.61,103.76,74.54,170.98,148.04,"m","c-c",7,"c"
"57","61.D",61,NA,NA,740.2,71.91,154.68,134.27,"m","c-a-c",7,"cc"
"58","62.D",62,NA,NA,1048.5,83.74,166.22,148.58,"m","c-b-c",7,"cc"
"59","63.D",63,NA,NA,804.55,90.19,177.25,157.25,"m","c-c-c",7,"cc"
"60","64.D",64,NA,NA,NA,75.68,160.05,145.8,"k","f-a",7,"f"
"61","65.D",65,NA,NA,NA,77.77,164.21,146.77,"k","f-b",7,"f"
"62","66.D",66,NA,NA,NA,77.15,165.77,150.56,"k","f-c",7,"f"
"63","67.D",67,51.03,6.29,49.08,78.53,169.85,148.68,"k","c-a",7,"c"
"64","68.D",68,120.35,40.34,45.14,79.15,156.37,151.65,"k","c-b",7,"c"
"65","69.D",69,25.94,NA,34.23,76.61,165.83,150.36,"k","c-c",7,"c"
"66","70.D",70,1.05,NA,685.65,51.64,121.69,115.29,"k","c-a-c",7,"cc"
"67","71.D",71,NA,NA,838.1,75.87,162,164.83,"k","c-b-c",7,"cc"
"68","72.D",72,NA,NA,570.4,50.6,128.36,119.47,"k","c-c-c",7,"cc"
"69","73.D",73,290.07,489.79,260.97,55.22,143.46,128.68,"a","f-a",14,"f"
"70","74.D",74,11.01,47.91,177.87,77.22,178.68,166.29,"a","f-b",14,"f"
"71","75.D",75,3.82,236.33,202.2,58.31,146.56,143.87,"a","f-c",14,"f"
"72","76.D",76,54.09,74.37,39.22,68.77,157.77,147.98,"a","c-a",14,"c"
"73","77.D",77,155.18,173.24,53.01,82.1,172.1,162.44,"a","c-b",14,"c"
"74","78.D",78,158.63,142.46,45.96,57.99,148.76,151.28,"a","c-c",14,"c"
"75","79.D",79,42.1,625.6,1309.65,86.55,171.88,170.14,"a","c-a-c",14,"cc"
"76","80.D",80,128.15,949.7,1344.15,82.91,157.98,159.96,"a","c-b-c",14,"cc"
"77","81.D",81,139.3,812.35,1101.55,69.8,154.68,150.74,"a","c-c-c",14,"cc"
"78","82.D",82,0.25,72.51,225.11,73.98,158.54,157.38,"r","f-a",14,"f"
"79","83.D",83,NA,NA,161.83,65.74,152.24,141.15,"r","f-b",14,"f"
"80","84.D",84,0.01,36.04,139.67,46.03,123.98,116.99,"r","f-c",14,"f"
"81","85.D",85,10.42,100.65,135.05,72.83,156.97,151.06,"r","c-a",14,"c"
"82","86.D",86,50.91,167.17,94.98,65.63,155.9,147.62,"r","c-b",14,"c"
"83","87.D",87,49.22,167.97,119.14,84.25,186.31,184.65,"r","c-c",14,"c"
"84","88.D",88,NA,188.45,689,94.33,164.65,147.31,"r","c-a-c",14,"cc"
"85","89.D",89,1.2,484.95,884.15,88.75,174.68,167.18,"r","c-b-c",14,"cc"
"86","90.D",90,NA,325.2,889.85,86.25,186.42,168.34,"r","c-c-c",14,"cc"
"87","91.D",91,20.53,94.58,137.34,78.16,167.07,165.81,"m","c-a",14,"f"
"88","92.D",92,NA,NA,50.64,81.04,165.42,160.24,"m","f-a",14,"f"
"89","93.D",93,5.06,NA,80.13,62.34,153.79,151.88,"m","f-b",14,"f"
"90","94.D",94,NA,NA,55.56,78.53,163.05,153.69,"m","f-c",14,"c"
"91","95.D",95,30.53,88.64,95.23,69.56,156.26,149.52,"m","c-b",14,"c"
"92","96.D",96,39.95,30.33,97.27,64.38,148.98,143.43,"m","c-c",14,"c"
"93","97.D",97,0.2,52.9,886.1,64.03,132.36,130.96,"m","c-a-c",14,"cc"
"94","98.D",98,NA,219.35,1096.55,55.41,98.31,83.24,"m","c-b-c",14,"cc"
"95","99.D",99,4.9,127.3,981.25,69.79,153.37,148.11,"m","c-c-c",14,"cc"
"96","101.D",101,NA,NA,NA,66.67,153.95,141.29,"k","f-b",14,"f"
"97","102.D",102,NA,NA,NA,62.24,151.53,139.29,"k","f-c",14,"f"
"98","103.D",103,14.04,NA,5.9,82.81,205.27,163.07,"k","c-a",14,"c"
"99","104.D",104,62.23,NA,67.59,60.3,151.44,146.91,"k","c-b",14,"c"
"100","105.D",105,16.55,NA,0.33,78.48,168.21,151.11,"k","c-c",14,"c"
"101","106.D",106,10.25,NA,573.3,54.77,134.46,124.11,"k","c-a-c",14,"cc"
"102","107.D",107,37.1,NA,970,80.65,161.17,156.52,"k","c-b-c",14,"cc"
"103","108.D",108,20.45,NA,753.75,75.54,172.14,142.84,"k","c-c-c",14,"cc"
"104","109.D",109,287.11,245.25,121.92,83.44,184.08,158.44,"a","f-a",21,"f"
"105","110.D",110,198.58,282.29,124.24,69.17,168.41,141.12,"a","f-b",21,"f"
"106","111.D",111,28.14,14.4,126.4,90.28,176.6,166.75,"a","f-c",21,"f"
"107","112.D",112,9.05,81.42,39.44,71,160.4,135.51,"a","c-a",21,"c"
"108","113.D",113,213.74,123.2,24.02,69.78,151.43,151.75,"a","c-b",21,"c"
"109","114.D",114,238.8,179.11,57.34,69.6,164.75,154.28,"a","c-c",21,"c"
"110","115.D",115,4.55,336.3,903.9,87.38,183.77,175.44,"a","c-a-c",21,"cc"
"111","116.D",116,148.65,667.9,1001.25,75.6,164.92,160.43,"a","c-b-c",21,"cc"
"112","117.D",117,145.35,626.7,892.85,76.62,163.87,160.76,"a","c-c-c",21,"cc"
"113","118.D",118,NA,50.39,171.71,70.43,172.34,173.04,"r","f-a",21,"f"
"114","119.D",119,NA,NA,133.06,62.46,150.6,141.35,"r","f-b",21,"f"
"115","120.D",120,NA,NA,132.04,68.95,163.95,169.58,"r","f-c",21,"f"
"116","121.D",121,1.58,56.67,115.92,79.8,165.73,147.67,"r","c-a",21,"c"
"117","122.D",122,36.37,145.09,87.65,69.56,154.04,139.71,"r","c-b",21,"c"
"118","123.D",123,32.25,121.04,86.7,52.11,135.39,137.04,"r","c-c",21,"c"
"119","124.D",124,NA,NA,412.8,70.75,145.92,148.8,"r","c-a-c",21,"cc"
"120","125.D",125,0.75,389.95,741.3,81.38,164.28,148.38,"r","c-b-c",21,"cc"
"121","126.D",126,15.05,474.2,854.1,73.11,145.12,143.02,"r","c-c-c",21,"cc"
"122","127.D",127,NA,NA,88.11,71.33,152.7,155.44,"m","f-a",21,"f"
"123","128.D",128,NA,NA,124.43,70.12,143.42,136.98,"m","f-b",21,"f"
"124","129.D",129,NA,NA,NA,91.17,173.57,156.5,"m","f-c",21,"f"
"125","130.D",130,19.99,86.53,100.13,83.22,179.21,153.79,"m","c-a",21,"c"
"126","131.D",131,16.91,22.88,99.28,78.71,155.99,163.47,"m","c-b",21,"c"
"127","132.D",132,43.78,49.77,119.7,91.52,165.01,169.25,"m","c-c",21,"c"
"128","133.D",133,5.9,210.6,835.5,70.52,156.05,144,"m","c-a-c",21,"cc"
"129","134.D",134,3.45,17.85,920.95,85.79,162.82,155.28,"m","c-b-c",21,"cc"
"130","135.D",135,11.9,31.8,802.45,66.56,129.9,135.69,"m","c-c-c",21,"cc"
"131","136.D",136,NA,NA,NA,67.34,130.78,143.44,"k","f-a",21,"f"
"132","137.D",137,NA,NA,NA,67.89,139.26,142.35,"k","f-b",21,"f"
"133","138.D",138,NA,NA,NA,76.9,143.51,147.05,"k","f-c",21,"f"
"134","139.D",139,4.71,NA,NA,54.41,128.47,133.43,"k","c-a",21,"c"
"135","140.D",140,NA,NA,9.4,59.92,125.8,132.89,"k","c-b",21,"c"
"136","141.D",141,42.95,NA,77.03,60.99,137.2,142.8,"k","c-c",21,"c"
"137","142.D",142,18.95,NA,600.35,70.98,126.88,132.58,"k","c-a-c",21,"cc"
"138","143.D",143,NA,NA,354,45.46,97.61,102.87,"k","c-b-c",21,"cc"
"139","144.D",144,20.5,NA,717.55,70,136.3,134.6,"k","c-c-c",21,"cc"
