"sample","raw_r_0.05","raw_r_0.1","raw_r_0.2","raw_r_0.5","raw_r_1","raw_r_5","raw_r_10","raw_r_50","bs3_r0.05","bs3_r0.1","bs3_r0.2","bs3_r0.5","bs3_r1","bs3_r5","bs3_r10","bs3_r50","bs5_r0.05","bs5_r0.1","bs5_r0.2","bs5_r0.5","bs5_r1","bs5_r5","bs5_r10","bs5_r50","bs10_r0.05","bs10_r0.1","bs10_r0.2","bs10_r0.5","bs10_r1","bs10_r5","bs10_r10","bs10_r50","bs15_r0.05","bs15_r0.1","bs15_r0.2","bs15_r0.5","bs15_r1","bs15_r5","bs15_r10","bs15_r50","CPP_r_0.1","CPP_r_0.2","CPP_r_0.5","CPP_r_1","deriv_loess_span0.1","deriv_loess_span0.2"
"A1",NA,NA,NA,NA,NA,NA,NA,NA,NA,NA,NA,NA,NA,NA,NA,NA,NA,NA,NA,NA,NA,NA,NA,5.58680790553919,5.6990276232541,5.70124006808969,5.70566495776088,5.71893962677446,5.74106407513042,5.91805966197812,6.13276583021922,7.88616732778391,7.74130510995234,7.74347705474867,7.74782094434134,7.76085261311932,7.78257206108263,7.95632764478913,8.16220798486165,10.1893988341369,NA,NA,6.67901723728825,14.9699462788347,6.5,7.5
"A2",NA,NA,NA,NA,NA,NA,NA,NA,NA,NA,NA,NA,NA,NA,NA,NA,NA,NA,NA,NA,NA,NA,NA,5.44375895947443,5.66790216576284,5.67005304305448,5.67435479763777,5.68726006138765,5.7087688343041,5.86750422204512,6.08027750423623,7.79250462176943,7.75957973017016,7.76164056397202,7.76576223157574,7.7781272343869,7.79873557240549,7.96360227655422,8.11506597756897,9.96785249603038,NA,NA,6.89312480410134,14.0327182205831,6.5,6.5
"A3",NA,NA,NA,NA,NA,NA,NA,NA,NA,NA,NA,NA,NA,NA,NA,NA,NA,NA,NA,NA,NA,NA,NA,5.33932454573029,5.66297176438153,5.66502294007917,5.66912529147444,5.68143234566025,5.70194410263661,5.86603815844745,6.0629226472709,7.67423056464342,7.82804959649112,7.83005896311729,7.83407769636962,7.84613389612664,7.86622756238833,8.04136060575378,8.24541197349567,9.87774045072482,NA,NA,35.0948103138667,14.0169993364786,5.5,6.5
"A4",NA,NA,NA,NA,NA,NA,NA,NA,NA,NA,NA,NA,NA,NA,NA,16.6046231903972,NA,NA,NA,NA,NA,NA,5.2626988944457,17.2959798727973,5.02921448751639,5.03934767480767,5.05961404939023,5.12041317313792,5.22174504605074,6.15603974370426,8.70689979214018,18.2364817303913,6.55565706571687,6.56940418020176,6.59689840917154,6.6793810960809,7.75275703124406,9.30683878070722,11.6817026770817,18.8477980623579,17.5298160278683,19.9675298851115,27.0535985251996,NA,35.5,21.5
"A5",NA,NA,NA,NA,NA,NA,NA,NA,NA,NA,NA,NA,NA,NA,NA,16.6888195401573,NA,NA,NA,NA,NA,NA,NA,17.1427540560564,NA,NA,NA,5.02277370556077,5.14145293947808,6.09088681081659,9.07014344840096,18.0335950517362,6.70043396490686,6.71441419741742,6.74237466243854,6.82625605750192,6.96605838260754,9.3888252651868,11.9353479006461,19.0295239698534,19.1997281168492,21.4736021409789,27.4208913749076,40,29.5,27.5
"A6",NA,NA,NA,NA,NA,NA,NA,NA,NA,NA,NA,NA,NA,NA,NA,16.7345965398376,NA,NA,NA,NA,NA,NA,NA,17.2812555100193,NA,NA,NA,NA,NA,5.76562675471035,8.01461784989513,18.1720465872975,6.95960130515285,6.97479819270085,7.00519196779685,7.09637329308485,6.89316852883604,8.53073696767829,10.8627743244018,18.7864419357539,17.9764919828308,20.4899990115612,26.9837342338313,40,18.5,23.5
"A7",NA,NA,NA,NA,NA,NA,NA,NA,NA,NA,NA,NA,NA,NA,NA,18.0437313787214,NA,NA,NA,NA,NA,NA,NA,19.1128293671208,NA,NA,NA,NA,NA,5.91581616117285,8.66794383992855,20.1831994035216,7.09995257683025,7.11648817603817,7.14955937445401,7.24877296970153,7.41412896178073,9.36507053609347,11.6487911096078,20.8575479487507,14.4518786120713,20.0601127376801,26.7259304268424,NA,1.5,1.5
"A8",NA,NA,NA,NA,NA,NA,NA,NA,NA,NA,NA,NA,NA,NA,NA,16.3624877131769,NA,NA,NA,NA,NA,NA,5.65112516663286,19.027880734685,5.35191428487781,5.36392069628569,5.38793351910147,5.45997198754878,5.58003610162764,6.84310531662846,8.0618304588452,20.0263865423891,7.14261492642277,7.15480217784494,7.17917668068927,7.25230018922227,7.37417270344395,9.12424387521024,11.5778990089228,20.6562806969502,6.75457670171023,20.5580084780922,27.2038244799109,40,33.5,21.5
"A9",NA,NA,NA,NA,NA,NA,NA,NA,NA,NA,NA,NA,NA,NA,NA,16.0218768336072,NA,NA,NA,NA,NA,NA,NA,19.0513271005377,NA,NA,NA,NA,NA,6.23843438026516,8.8586772945621,20.2997346784731,6.61865505435113,6.6400340020272,6.68279189737932,6.81106558343571,7.02485506019635,9.31761950955975,11.7071950859058,21.0543391866886,13.3882668290928,20.2882130140773,26.7528714381564,NA,1.5,1.5
"A10",NA,NA,NA,NA,NA,NA,NA,NA,NA,NA,NA,NA,NA,NA,NA,27.6864856274683,NA,NA,NA,NA,NA,NA,NA,35.3519301139053,NA,NA,NA,NA,NA,5.69783854477872,9.70227167005492,37.1240439278156,5.66514392824232,5.68152652229735,5.71429171040741,5.8125872747376,5.9764132152879,9.60722916836078,12.5826156543054,35.0539984698997,NA,NA,35.2413042690535,10.1009678519415,1.5,1.5
"A11",NA,NA,NA,NA,NA,NA,NA,NA,NA,NA,NA,NA,NA,NA,NA,34.999528950471,NA,NA,NA,NA,NA,NA,6.60916628722374,NA,NA,NA,NA,NA,NA,7.5189139126056,10.8215997948833,NA,6.59143397413586,6.61592430296666,6.66490496062824,6.81184693361301,7.52550877201623,10.0757111360645,13.9597373446724,NA,NA,NA,NA,17.0361910719893,1.5,1.5
"A12",NA,NA,NA,NA,NA,NA,NA,NA,NA,NA,NA,NA,NA,NA,NA,NA,NA,NA,NA,NA,NA,NA,NA,NA,NA,NA,NA,NA,NA,5.53885915932756,10.3096403488643,NA,5.33713072924289,5.34789333955285,5.36941856017276,5.4339942220325,5.54162032513207,9.23280154980002,15.1828477375498,NA,36.275375862522,32.3234804157042,20.4677940752506,NA,2.5,1.5
"B1",NA,NA,NA,NA,NA,NA,NA,NA,NA,NA,NA,NA,NA,NA,NA,6.99365847970817,NA,NA,NA,NA,NA,NA,NA,7.4119895136933,6.18934538697196,6.19306316700398,6.20049872706803,6.22280540726017,6.25998320758042,6.55740561014235,6.9416619486576,8.9452629709686,8.77648749195303,8.77876801172879,8.78332905128029,8.7970121699348,8.81981736769231,9.00225894975243,9.23496694976343,10.9447513675825,36.3635922401727,32.3791142331173,20.4256802119511,NA,8.5,9.5
"B2",NA,NA,NA,NA,NA,NA,NA,NA,NA,NA,NA,NA,NA,NA,NA,6.81413854849661,NA,NA,NA,NA,NA,NA,NA,7.1480581796675,6.09076543919932,6.09382602900007,6.09994720860159,6.11831074740614,6.14891664541373,6.5134354332224,6.77025287464643,8.82785887622786,8.80419589259576,8.80631590066059,8.81055591679026,8.82327596517927,8.8444760458276,8.97137869527662,9.17357659021591,10.8060833953707,36.2896737936323,32.2302383599065,20.051932058729,NA,7.5,10.5
"B3",NA,NA,NA,NA,NA,NA,NA,NA,NA,NA,NA,NA,NA,NA,NA,7.70808473325803,NA,NA,NA,NA,NA,NA,NA,8.03219945592244,6.47075021412976,6.47481718649252,6.48295113121803,6.50735296539456,6.54802268902212,6.86671665357364,7.16530545072331,9.23829509730137,9.11261298073606,9.11467358315907,9.11879478800511,9.13115840254322,9.1517644267734,9.31661262061486,9.52267286291669,11.143791177685,36.0394976921463,31.9935963701362,19.8558924041059,NA,11.5,10.5
"B4",NA,NA,NA,NA,NA,NA,NA,NA,NA,NA,NA,NA,NA,NA,5.6357419309195,18.8995021883981,NA,NA,NA,NA,NA,NA,7.31727802842502,19.2169679940462,5.42711340626106,5.44549213725999,5.48224959925784,5.59252198525141,5.77630929524069,8.038654477024,10.3076673243518,19.7963380437834,7.99969732537309,8.02227282245428,8.06742381661667,8.20287679910383,8.42863176991577,10.2432503243128,13.1351213213024,20.1715055753302,19.5596699023695,21.7423179780502,28.1949029102077,NA,30.5,29.5
"B5",NA,NA,NA,NA,NA,NA,NA,NA,NA,NA,NA,NA,NA,NA,NA,18.8791765914803,NA,NA,NA,NA,NA,NA,5.42272548330688,19.3582589903565,NA,NA,NA,NA,5.00441938882062,6.30606987599357,9.69716108658482,20.2853881118605,6.43108001431343,6.44986942334973,6.48744824142233,6.60018469564013,6.78807878600313,9.84584698363874,12.1573357669095,20.6730428450816,19.3969673116348,21.6433055785297,27.9344915341346,NA,32.5,21.5
"B6",NA,NA,NA,NA,NA,NA,NA,NA,NA,NA,NA,NA,NA,NA,NA,18.2069303859582,NA,NA,NA,NA,NA,NA,5.6490569602502,18.5923803838449,5.13293671942997,5.14878151238523,5.18047109829576,5.27553985602735,5.43398778558001,7.76497510150543,9.62533267626582,19.5342737111041,7.97461407510955,7.99427443267828,8.03359514781573,8.15155729322808,8.39996347678024,9.83227258933892,12.5252070536053,20.1241691192223,19.8722671313072,22.2175349677338,28.3842960088174,40,30.5,29.5
"B7",NA,NA,NA,NA,NA,NA,NA,NA,NA,NA,NA,NA,NA,NA,NA,18.4345787608541,NA,NA,NA,NA,NA,NA,7.75680112327697,19.0198192047776,NA,NA,NA,NA,6.01608630279645,7.96892661267631,9.96061471746994,19.677650296608,7.82390603181743,7.84731835192468,7.89414299213918,8.03461691278267,8.26874011385515,9.78676501682623,12.8431734482603,20.2866713045039,18.0685267100621,20.1825708909712,26.9589195491328,40,23.5,19.5
"B8",NA,NA,NA,NA,NA,NA,NA,NA,NA,NA,NA,NA,NA,NA,6.25213978594491,19.374904614114,NA,NA,NA,NA,NA,NA,6.91752665114112,19.5873605961873,5.39187576358227,5.40587579270964,5.43387585096438,5.51787602572862,5.79469944731276,8.75861811597659,10.9894690101132,20.2018755275527,6.73107707565145,6.74800715829119,6.78186732357067,6.88344781940912,8.59055982113192,10.7044202232903,14.3018726898569,20.6656412885756,18.3265381797609,20.436622807186,26.9246768588512,40,33.5,18.5
"B9",NA,NA,NA,NA,NA,NA,NA,NA,NA,NA,NA,NA,NA,NA,5.47316119960068,18.8051480532548,NA,NA,NA,NA,NA,5.27720964669293,7.4183890878382,19.3505963605443,5.51957627509789,5.53915255019571,5.57830510039134,5.69576275097824,5.8915255019564,8.37763105822974,10.6724813882427,19.9550252520969,7.39473882950624,7.41082437915006,7.44299547843771,7.53950877630064,8.53399682679132,10.2532053780978,13.6508901816005,20.4623443816483,17.8912637943863,19.810252079938,26.8612553046693,40,19.5,18.5
"B10",NA,NA,NA,NA,NA,NA,NA,NA,NA,NA,NA,NA,NA,NA,5.86637768560718,36.2053469671225,NA,NA,NA,NA,NA,NA,7.25997039268518,38.898473601976,5.79217301195725,5.81566561176855,5.86265081139116,6.00360641025897,6.238532408372,8.11794039327621,11.3721482896059,NA,7.60913902938474,7.63263162919604,7.67961682881865,7.82057242768646,8.05549842579949,10.3500796921266,14.3059370299968,NA,36.0521090443383,32.1587877791591,20.4788239836218,NA,2.5,1.5
"B11",NA,NA,NA,NA,NA,NA,NA,NA,NA,NA,NA,NA,NA,NA,5.74902326947851,38.4209239681099,NA,NA,NA,NA,NA,5.02732408310151,7.09712052868118,NA,5.5189751909039,5.53795038180775,5.57590076361546,5.68975190903857,5.87950381807708,8.44419524265858,10.9705917552413,NA,7.3090263048986,7.32661386912472,8.18936705483417,8.34440988544249,8.60281460312301,10.5665150590053,14.3234204545627,NA,36.0958541961539,32.2379756502569,20.6643400125661,NA,31.5,1.5
"B12",NA,NA,NA,NA,NA,NA,NA,NA,NA,NA,NA,NA,NA,NA,NA,38.081785251432,NA,NA,NA,NA,NA,NA,7.97595008444627,NA,NA,NA,NA,NA,NA,8.17082187624072,10.3728927668322,NA,7.9941450930603,8.01824661267659,8.06644965190919,8.21105876960697,8.48750687883026,10.0397495104646,13.7239696394522,NA,NA,NA,NA,14.9205029036372,2.5,1.5
"C1",NA,NA,NA,NA,NA,NA,NA,NA,NA,NA,NA,NA,NA,NA,NA,10.8826364745802,NA,NA,NA,NA,NA,NA,NA,11.256466869856,NA,NA,NA,5.61942833348543,5.73885666697086,6.53037302139322,7.96817472217112,11.8270515022964,10.1446474374956,10.1483885312748,10.1558707188331,10.1783172815081,10.2157282192997,10.5150157216327,10.889125099549,13.0715910378517,36.0357962521295,32.0437998758308,20.0678107469345,NA,15.5,14.5
"C2",NA,NA,NA,NA,NA,NA,NA,NA,NA,NA,NA,NA,NA,NA,NA,10.9731593522569,NA,NA,NA,NA,NA,NA,5.49815964394851,11.2145990403686,5.60437961926119,5.61807039408677,5.64545194373791,5.72759659269134,5.86450434094705,6.79639222171348,7.59465359935153,11.8929557518073,10.1584614683253,10.1626066923744,10.1708971404726,10.1957684847673,10.2372207252585,10.5688386491879,10.9259771639392,13.0908961625793,12.2357473538229,14.1696909839671,20.3524217833189,40,16.5,14.5
"C3",NA,NA,NA,NA,NA,NA,NA,NA,NA,NA,NA,NA,NA,NA,NA,10.911430878218,NA,NA,NA,NA,NA,NA,5.27226322772352,11.2154576421038,5.27910372584523,5.28829592915243,5.30668033576683,5.36183355561005,5.45375558868208,7.2391500783061,8.1572525298578,11.8868946883282,10.0730488007209,10.0780325899966,10.0880001685479,10.1179029042021,10.1677407969589,10.5664439390139,10.9739143871002,13.0284154329879,35.9901489890673,31.976802524371,19.9367631302823,NA,14.5,13.5
"C4",NA,NA,NA,NA,NA,NA,NA,NA,NA,NA,NA,NA,NA,NA,NA,17.9582357035824,NA,NA,NA,NA,NA,NA,6.51991164659544,18.3965545520878,NA,NA,NA,5.07715460904579,5.36330619767409,7.20608838353586,10.0607745139685,18.950328534623,7.26781566959083,7.28775122154849,7.32762232546379,7.44723563720971,7.64659115678623,10.0659775882766,13.2628648404263,19.4035847343315,18.4893649799801,20.8094589998559,27.7412674945731,NA,19.5,20.5
"C5",NA,NA,NA,NA,NA,NA,NA,NA,NA,NA,NA,NA,NA,NA,5.00735499821188,17.4614418459039,NA,NA,NA,NA,NA,NA,6.27272948184191,18.2321545269146,5.57532427710286,5.59298368292564,5.62830249457119,5.73425892950784,NA,6.8558451131182,9.25548417178762,18.8994133632657,7.31697077515209,7.34024302916479,7.3867875371902,7.52642106126643,7.75914360139349,9.64822295396786,11.8775003436911,19.3884488242975,18.6765174660458,21.0678808258602,27.5036286572773,NA,22.5,21.5
"C6",NA,NA,NA,NA,NA,NA,NA,NA,NA,NA,NA,NA,NA,NA,6.13927497860029,18.5225173693819,NA,NA,NA,NA,NA,NA,7.88865974568676,18.7382735796876,5.76086382711286,5.78543364215571,5.83457327224142,5.98199216249856,6.22769031292712,8.63968312445721,11.4146997454118,19.2391596895903,7.93625112141913,7.96316849491737,8.01700324191387,8.17850748290335,8.55729542786949,10.1950557098114,13.7403892998524,19.551061064576,19.0306035017403,21.3855940225601,27.6714538205864,NA,24.5,28.5
"C7",NA,NA,NA,NA,NA,NA,NA,NA,NA,NA,NA,NA,NA,NA,NA,18.778599643071,NA,NA,NA,NA,NA,NA,7.10893966867271,19.2044612807407,5.0045517115816,5.01862978567726,5.04678593386858,5.13125437844255,5.27203511939916,7.77630653345676,10.7069772325731,19.9465054544641,7.88906572022845,7.91005338286876,7.95202870814936,8.07795468399117,8.44159950182434,10.7937429936404,12.7359681446042,20.5228998324065,16.8986059196661,19.5774702506678,26.1352096626511,NA,22.5,21.5
"C8",NA,NA,NA,NA,NA,NA,NA,NA,NA,NA,NA,NA,NA,NA,5.53440663784382,19.5379771459583,NA,NA,NA,NA,NA,NA,7.65087846353663,19.8770255985841,5.12921010889175,5.14725907993946,5.18335702203488,5.29165084832116,5.47214055879828,7.9021190644181,10.4263809530858,20.4960084541915,7.32624717276125,7.35458160693997,7.41125047529741,7.58125708036974,7.86460142215695,9.92025029514362,14.4139763378395,20.9433345117928,18.8282802739903,21.1532789466167,27.7846923256502,40,34.5,21.5
"C9",NA,NA,NA,NA,NA,NA,NA,NA,NA,NA,NA,NA,NA,NA,NA,18.9889691076513,NA,NA,NA,NA,NA,NA,5.86904054852214,19.4188179944441,NA,NA,NA,NA,5.01555252923675,7.11521843762515,10.0155019874266,20.1643861184923,6.98918139506853,7.01260533879708,7.05945322625416,7.19999688862541,7.43423632591084,10.0648310991891,12.525224228396,20.643380610162,18.0472122349262,20.1609808027214,27.0448524512254,40,30.5,20.5
"C10",NA,NA,NA,NA,NA,NA,NA,NA,NA,NA,NA,NA,NA,NA,5.10115341842016,36.3909720528829,NA,NA,NA,NA,NA,NA,6.80191843546344,38.4631969271448,5.69418073759262,5.71344399655889,5.75197051449145,5.94553336308379,6.15067518054208,7.79180972020835,10.0252424612991,26.7187170841741,7.67963287782364,7.70014705956947,7.74117542306112,7.86426051353609,8.06940233099438,9.86185447706135,13.9083574605254,14.9622391610099,NA,NA,NA,10.9161432893968,2.5,1.5
"C11",NA,NA,NA,NA,NA,NA,NA,NA,NA,NA,NA,NA,NA,NA,5.15266817353799,35.8865052557915,NA,NA,NA,NA,NA,NA,6.20136727141873,38.7849375196708,5.54829097905348,5.56353923804116,5.59403575601651,5.68552530994258,5.83800789981937,7.99999217547608,10.106770110886,35.4061936862337,7.86709028421136,7.88815806356545,7.93029362227365,8.05670029839825,8.26737809193924,9.95280044026718,13.1339815002638,32.6957307111663,NA,NA,NA,10.0416240633462,7.5,7.5
"C12",NA,NA,NA,NA,NA,NA,NA,NA,NA,NA,NA,NA,NA,NA,NA,30.7348873254845,NA,NA,NA,NA,NA,NA,NA,37.3900764221147,NA,NA,NA,NA,NA,6.70409137179904,10.2919950499129,NA,6.6271527678249,6.64528919187283,6.68156203996867,6.79038058425621,6.97174482473543,8.41217415318672,12.6136160788371,NA,NA,NA,NA,18.9819928735769,1.5,1.5
"D1",NA,NA,NA,NA,NA,NA,NA,NA,NA,NA,NA,NA,NA,NA,NA,14.4146101049762,NA,NA,NA,NA,NA,NA,NA,15.3744655586937,NA,NA,NA,NA,NA,5.21622391054369,8.36367347596595,16.2612791289372,8.02327408049917,8.0376159223269,8.06629960598236,8.15235065694874,8.29576907522605,8.82116148001615,11.301358925091,16.7772661480726,17.4382641654587,19.2424970622451,24.5286019117863,40,19.5,19.5
"D2",NA,NA,NA,NA,NA,NA,NA,NA,NA,NA,NA,NA,NA,NA,NA,15.0083461334974,NA,NA,NA,NA,NA,NA,5.64382190396136,15.3585536674656,5.25179602598087,5.26611679868837,5.29475834410335,5.38068298034831,5.52389070742323,7.16042162841948,8.84655764190628,16.2394606188744,7.70685147142335,7.72469524310509,7.76038278646858,7.86744541655903,8.20784670707876,9.47569817023506,11.7721614595372,16.6506033464971,17.2920456257385,19.2197023501706,24.792873776274,NA,18.5,19.5
"D3",NA,NA,NA,NA,NA,NA,NA,NA,NA,NA,NA,NA,NA,NA,NA,13.2833613117876,NA,NA,NA,NA,NA,NA,NA,14.1190381763373,5.12536199702196,5.1340576901743,5.15144907647898,5.20362323539303,5.29058016691644,5.98623561910371,8.03999032116184,14.6994713489342,8.01162465005686,8.02324930011375,8.04649860022753,8.11624650056888,8.23249300113779,9.60942300554582,11.6604500702898,15.2189545456379,15.9801937609177,17.6822435025975,22.8942277022172,NA,16.5,17.5
"D4",NA,NA,NA,NA,NA,NA,NA,NA,NA,NA,NA,NA,NA,NA,6.07486042600011,20.3241931770995,NA,NA,NA,NA,NA,5.10020229059688,6.92707429704132,20.637373711079,5.62667906426959,5.64856350704476,5.6923323925951,5.82363904924613,6.04248347699785,7.31289527487219,10.8253785658969,21.4535418263002,6.94802054469779,6.96468069895773,6.9980010074776,6.96435943832671,7.23665606456836,9.84275510728131,14.4124856976378,21.794722093039,20.024957381047,21.9156696867352,28.7184730119774,40,32.5,21.5
"D5",NA,NA,NA,NA,NA,NA,NA,NA,NA,NA,NA,NA,NA,NA,NA,19.2885166958071,NA,NA,NA,NA,NA,NA,5.55038857651615,19.998506475846,5.35104041346727,5.36166711947139,5.38292053147962,5.44668076750431,5.55294782754547,6.40049593565477,10.2757892717275,20.8431344869682,6.36892514631283,6.38007260647372,6.4023675267955,6.46925228776085,6.58072688936975,10.1937019623938,13.3968607308905,21.3831602848576,19.8361236978225,21.9253424186436,28.4939511814617,40,20.5,20.5
"D6",NA,NA,NA,NA,NA,NA,NA,NA,NA,NA,NA,NA,NA,NA,NA,19.8676211049915,NA,NA,NA,NA,NA,NA,5.6675419033787,20.4512879364179,5.24530412466518,5.25844093958151,5.28471456941418,5.36353545891218,5.49490360807551,8.3517822579403,10.1294688611757,21.3417940511698,7.69047758743996,7.7109392700811,7.75186263536337,7.8746327312102,8.46229610414398,10.0861054778682,12.5274276543421,21.7993277350731,19.871214358166,22.1764710064513,28.3151953403469,NA,23.5,30.5
"D7",NA,NA,NA,NA,NA,NA,NA,NA,NA,NA,NA,NA,NA,NA,5.64180801798568,18.7850443243764,NA,NA,NA,NA,NA,NA,6.8196006762451,19.1516069992264,5.207627387306,5.22722068419007,5.2664072779582,5.38396705926261,5.5799000281033,7.18874941132635,10.4662157557034,19.9236651175069,7.08856159870248,7.10710328122352,7.14418664626561,7.25543674139187,7.4408535666023,10.302822937592,11.6343284304535,20.519537204112,17.6404254448046,19.3155016872229,26.6604786350594,40,29.5,20.5
"D8",NA,NA,NA,NA,NA,NA,NA,NA,NA,NA,NA,NA,NA,NA,5.4405072100474,18.7878246793751,NA,NA,NA,NA,NA,5.07223331394164,7.90309165848928,19.2236913824331,5.23988772691301,5.25770907289383,5.29335176485548,5.40027984074042,5.57849330054865,8.10568372515944,11.2696740538091,19.838933623348,7.54952200114418,7.57361857332025,7.62181171767238,7.76639115072878,8.00735687248945,10.5379584032449,14.7491143109175,20.4902208245079,17.905819170532,20.006361500232,27.0117806057776,NA,39.5,18.5
"D9",NA,NA,NA,NA,NA,NA,NA,NA,NA,NA,NA,NA,NA,NA,5.33134039742531,18.4742739273564,NA,NA,NA,NA,NA,5.10552763638084,7.14849222548211,19.0259473223981,5.54858579428221,5.56901544017322,5.60987473195525,5.73245260730132,5.93674906621145,7.57112073749246,10.0002771910406,19.6857088209679,7.63763903869665,7.65806868458767,7.69892797636969,8.26834810044021,8.47577285085496,10.0398474986694,12.2926357492839,20.2912500323544,17.7373844897082,19.8147946222605,26.7941870442548,40,19.5,19.5
"D10",NA,NA,NA,NA,NA,NA,NA,NA,NA,NA,NA,NA,NA,NA,NA,36.757493528588,NA,NA,NA,NA,NA,NA,6.99008592795434,38.8972453998064,NA,NA,NA,NA,NA,8.0426615136386,10.9108671166236,37.6920693428764,7.76687279284617,7.78956003003749,7.83493450442013,7.97105792756803,8.49808555232299,10.4846832268815,14.0472006347512,36.8868460473459,NA,NA,24.5516479178767,21.1163810307351,33.5,1.5
"D11",NA,NA,NA,NA,NA,NA,NA,NA,NA,NA,NA,NA,NA,NA,5.85570586368034,38.4112336071521,NA,NA,NA,NA,NA,5.11497084195529,7.11960218720702,31.478083209165,5.4812081323405,5.50209354933687,5.5438643833296,5.6691768853078,5.87803105527147,8.04152357266937,11.1277191275074,18.9580753541614,7.7623128554787,7.79121324979555,7.84901403842926,8.02241640433038,8.31142034749892,10.7704566249783,14.4917191934038,9.35994638793742,NA,NA,NA,12.9738770678119,10.5,1.5
"D12",NA,NA,NA,NA,NA,NA,NA,NA,NA,NA,NA,NA,NA,NA,NA,34.2839056613835,NA,NA,NA,NA,NA,NA,5.32396579767175,NA,NA,NA,NA,NA,5.08294682576044,6.9028531634701,9.79901730989294,NA,6.95955410277734,6.9793940614392,7.01907397876292,7.13811373073408,7.33651331735269,9.84535800867034,12.333105893038,NA,35.4049201798361,30.2731527171767,14.8778503291985,7.00404790843508,1.5,1.5
"E1",NA,NA,NA,NA,NA,NA,NA,NA,NA,NA,NA,NA,NA,NA,NA,16.2157719257653,NA,NA,NA,NA,NA,NA,5.22751775505966,16.9609857657635,NA,NA,5.71645365986338,5.79872456610543,5.23041429554597,6.75120359128552,8.5464956074949,17.5818130177419,7.43511833911592,7.45288791362228,7.48842706263499,7.59504450967313,7.7727402547367,9.19430621524526,11.0980240449922,18.0487942900505,18.1953622938061,20.0869579442583,24.9319398915024,40,22.5,21.5
"E2",NA,NA,NA,NA,NA,NA,NA,NA,NA,NA,NA,NA,NA,NA,NA,16.5589879894006,NA,NA,NA,NA,NA,NA,6.72029361019966,16.9699952465371,5.60744553168926,5.62368803825953,5.65617305140007,5.7536280908217,5.91605315652441,7.52939114139743,9.30903374863977,17.9180320173581,7.93537184917603,7.95398672159982,7.99121646644741,7.73470508103945,7.99812551591886,9.63462131864458,11.6886207840126,18.2021276722324,18.2699396513408,20.1205027839315,25.080667758152,40,20.5,20.5
"E3",NA,NA,NA,NA,NA,NA,NA,NA,NA,NA,NA,NA,NA,NA,NA,17.251968169473,NA,NA,NA,NA,NA,NA,6.02091194881811,17.6311777475047,5.27772395810802,5.29382288872244,5.32602074995128,5.42261433363781,5.58360363978203,6.77494295650593,9.10179249102217,18.0682679073842,7.50962358274678,7.53108496006846,7.57400771471181,7.70277597864188,7.91738975185865,9.63361743234011,11.871662329095,18.3877243272873,18.6143606078534,20.4202240449401,25.3495802098882,40,21.5,21.5
"E4",NA,NA,NA,NA,NA,NA,NA,NA,NA,NA,NA,NA,NA,NA,NA,17.8972379385376,NA,NA,NA,NA,NA,NA,5.36954827102393,18.489435727251,NA,NA,NA,NA,5.01273244779446,6.24271235217394,9.84966635131036,19.4005043727647,6.28628833584351,6.29908705441686,6.32468449156356,6.40147680300365,6.52946398873714,9.91355151515196,12.3046883739226,20.0897549929643,7.33108927678973,20.1218593467346,26.8786267003416,NA,34.5,21.5
"E5",NA,NA,NA,NA,NA,NA,NA,NA,NA,NA,NA,NA,NA,NA,NA,17.6033823682696,NA,NA,NA,NA,NA,NA,5.58860566768033,18.4263430799524,5.17951358223263,5.19571570235833,5.22811994260974,5.32533266336396,5.48735386462098,6.8005327791562,8.40950767594092,19.1936754397467,7.09721160287321,7.11351038314764,7.1461079436965,7.24390062534306,7.40688842808733,8.70422871755362,11.2429448857453,19.7436118322821,15.3861083200636,19.6743020064594,26.9974984854662,40,34.5,19.5
"E6",NA,NA,NA,NA,NA,NA,NA,NA,NA,NA,NA,NA,NA,NA,NA,17.9001003192718,NA,NA,NA,NA,NA,NA,5.78811694384081,18.4703618326188,NA,NA,NA,NA,5.18806386624833,6.77493912140325,10.0280194165706,19.2527796403622,6.49957731620336,6.51773477391324,6.554049689333,6.83170542696804,6.98710830845564,9.8371847351198,13.4639688894352,19.7597279861985,12.4147403196805,19.5760915524778,26.6696209525824,NA,21.5,1.5
"E7",NA,NA,NA,NA,NA,NA,NA,NA,NA,NA,NA,NA,NA,NA,NA,17.4061954628021,NA,NA,NA,NA,NA,NA,6.75117308816643,17.8402502317174,5.3177936815127,5.33448512277089,5.36786800528728,5.46801665283645,5.6349310654184,7.22472681362481,10.1639204973333,18.5007352862512,7.25789649700428,7.27821080607099,7.31883942420439,7.44072527860461,7.64386836927163,10.1807932189009,13.0936530054947,18.9403799466813,18.270976545569,20.5886741956212,26.8323670660353,40,31.5,21.5
"E8",NA,NA,NA,NA,NA,NA,NA,NA,NA,NA,NA,NA,NA,NA,NA,18.2658750323754,NA,NA,NA,NA,NA,NA,5.62366527998486,19.3799172241687,5.10163794996651,5.11401472629229,5.13876827894384,5.21302893689851,5.33679670015628,6.3135601716941,9.38901586775107,20.7105717247396,6.43388491493647,6.45837845027044,6.50736552093839,6.65432673294225,8.40928566188098,9.49219897552117,12.774098427574,21.6542770919534,9.78379822325111,19.8455324865952,26.6892751939215,40,3.5,1.5
"E9",NA,NA,NA,NA,NA,NA,NA,NA,NA,NA,NA,NA,NA,NA,NA,16.8219584285663,NA,NA,NA,NA,NA,NA,5.89097790520155,17.1043562272486,5.32235038190555,5.33851101189979,5.37083227188826,5.46779605185369,5.62940235179607,7.35345263164318,9.32223488876121,17.8921386033988,7.71784379058224,7.73711071825297,7.77564457359443,7.8912461396188,8.0839154163261,9.68648468204656,12.1110813473008,18.3418868158746,18.1982566793336,20.4850149293529,27.0986802747466,NA,27.5,28.5
"E10",NA,NA,NA,NA,NA,NA,NA,NA,NA,NA,NA,NA,NA,NA,NA,34.7009572197845,NA,NA,NA,NA,NA,NA,6.35506947470562,38.2976435507648,5.68624792283543,5.70613875719295,5.74592042590799,5.8652654320531,6.06417377562827,7.11337647445747,10.2919120542802,37.5620912131086,6.89213503870109,6.92157008922641,6.98044019027706,7.15705049342902,7.45140099868228,10.0806213091568,14.2281023799776,35.3232627985623,NA,NA,NA,10.0344955953307,1.5,1.5
"E11",NA,NA,NA,NA,NA,NA,NA,NA,NA,NA,NA,NA,NA,NA,5.40677846277164,NA,NA,NA,NA,NA,NA,5.03769280280402,6.72291180611845,NA,5.64467333197258,5.66385084432658,5.70220586903457,5.81727094315854,6.02283330756202,7.34874946743699,9.54197812169629,NA,7.22230192429074,7.24414195291723,7.28782201017019,7.30140505772351,7.53289381270718,9.38480385257653,14.2771093496621,NA,NA,NA,21.9587823735398,10.9648752043723,2.5,1.5
"E12",NA,NA,NA,NA,NA,NA,NA,NA,NA,NA,NA,NA,NA,NA,NA,24.1472464437429,NA,NA,NA,NA,NA,NA,5.60468164284969,31.6649099220786,5.63920104973498,5.6508689113938,5.67420463471144,5.74421180466434,5.86089042125252,6.43746650232202,8.31634872415483,NA,6.73973447742302,6.75903491147847,6.79763577958939,6.91343838392215,7.10644272447675,8.91773570958074,12.0733878397053,NA,NA,NA,NA,9.91950246509951,1.5,1.5
"F1",NA,NA,NA,NA,NA,NA,NA,NA,NA,NA,NA,NA,NA,NA,NA,21.365967144669,NA,NA,NA,NA,NA,NA,5.16350008602241,22.5803358284295,NA,NA,NA,NA,5.15091449750357,6.32441494468024,7.83949340028035,23.0470903896153,6.61204806256763,6.62709472742818,6.85845257533401,6.93402972001391,7.05999162781374,9.14725123853085,12.2805841896686,23.894223541043,23.9910416594107,25.7606713596289,29.9459301379406,40,27.5,28.5
"F2",NA,NA,NA,NA,NA,NA,NA,NA,NA,NA,NA,NA,NA,NA,NA,21.9269435107006,NA,NA,NA,NA,NA,NA,6.57168816636801,22.403431116037,NA,NA,NA,NA,NA,7.15027653281325,9.9861351888038,23.111855311507,7.0979794669968,7.12076360694009,7.16633188682668,7.30303672648643,8.15372939265111,10.0992962949543,12.6894658115031,23.5475867810268,23.5308597772457,25.4322921282459,29.6895035827778,NA,25.5,26.5
"F3",NA,NA,NA,NA,NA,NA,NA,NA,NA,NA,NA,NA,NA,NA,NA,17.0581256126865,NA,NA,NA,NA,NA,NA,NA,17.5960127297617,NA,NA,NA,NA,NA,6.60351293857824,9.72901257788725,18.1752489021499,6.43281912369487,6.45904040735152,6.51148297466481,6.6688106766047,7.30428417175707,10.145183797954,13.436602292986,18.4411342428179,17.2663147384165,19.7867452499944,25.0519223035057,40,20.5,21.5
"F4",NA,NA,NA,NA,NA,NA,NA,NA,NA,NA,NA,NA,NA,NA,NA,18.6753292286971,NA,NA,NA,NA,NA,5.02761915528201,6.77325966404991,19.568309477465,5.71227836231555,5.72930831694472,5.76336822620307,5.86554795397811,6.03584750026985,7.49907488661564,8.73486103105252,20.2677013362619,7.64659526620805,7.65821153840375,7.68144408279513,7.75114171596929,7.86730443792623,9.87236056646167,12.0069589202076,20.9283169693757,18.4549063985924,20.6944897901086,26.8971602198711,NA,1.5,21.5
"F5",NA,NA,NA,NA,NA,NA,NA,NA,NA,NA,NA,NA,NA,NA,5.10490784842114,19.4929394116292,NA,NA,NA,NA,NA,NA,7.40599777996275,19.9251584433577,5.16610268609491,5.18250701155644,5.2153156624795,5.69721326392203,5.89442652784414,8.05669077953327,10.8749099469793,20.6782521010488,7.64231671457704,7.66548657108413,7.7118262840983,7.85084542314084,8.08254398821173,10.3952017397116,13.7694344897832,21.1551890652857,18.9981689560415,21.1003977030095,28.2552045533696,40,37.5,21.5
"F6",NA,NA,NA,NA,NA,NA,NA,NA,NA,NA,NA,NA,NA,NA,NA,19.0167327258091,NA,NA,NA,NA,NA,NA,5.47425594649702,20.093839859191,NA,NA,NA,NA,5.06587250333604,7.92415027550511,9.77792181373692,20.7098137145815,7.98545168618314,8.00674768081545,8.04933967008006,8.1771156378739,8.39007558419698,9.82505948533963,12.334328730992,21.2812762831381,19.0259264475225,20.922120419225,27.5142826390619,40,20.5,20.5
"F7",NA,NA,NA,NA,NA,NA,NA,NA,NA,NA,NA,NA,NA,NA,NA,16.9600621172862,NA,NA,NA,NA,NA,NA,6.54913368678799,17.293487549278,5.28805112306466,5.31118903355573,5.35746485453789,5.49629231748437,5.72767142239517,7.40568126563326,9.31946514441209,18.0179003630039,7.93425329050812,7.95831585617224,8.00644098750045,8.15081638148512,8.07607465369228,9.76107311449314,12.1814899255244,18.4868703125244,18.0693572154036,20.5954665402793,26.8793479984516,40,35.5,24.5
"F8",NA,NA,NA,NA,NA,NA,NA,NA,NA,NA,NA,NA,NA,NA,NA,15.8436171003529,NA,NA,NA,NA,NA,NA,6.11802866714582,16.8565342586764,NA,NA,NA,NA,5.82576774864172,6.66884663000056,8.42544304881565,17.6573011525768,7.69308349767145,7.7106494618596,7.7457813902359,7.85117717536481,8.02683681724632,9.05468194362976,11.2004848741581,18.496045097079,18.6227461112489,21.0280270242953,27.4454307445103,40,23.5,22.5
"F9",NA,NA,NA,NA,NA,NA,NA,NA,NA,NA,NA,NA,NA,NA,5.09921808800891,16.6396978210603,NA,NA,NA,NA,NA,NA,6.47869102617447,17.1132874376554,5.03294326492833,5.05544893079431,5.10046026252628,5.23549425772219,5.46055091638203,7.19897274204762,8.86250803430561,17.7394432053367,8.00237291595383,8.01943954616794,8.05357280659616,8.15597258788083,8.32663889002194,9.68403860103624,11.4328737225857,18.4582961201881,18.3764082660301,20.717825641035,26.9839854548214,NA,38.5,25.5
"F10",NA,NA,NA,NA,NA,NA,NA,NA,NA,NA,NA,NA,NA,NA,6.34182721590438,29.045159766659,NA,NA,NA,NA,NA,5.27452639893882,7.55201062578664,29.5781921643801,5.67177623877188,5.69455108104036,5.74010076557732,5.87674981918819,6.10449824187297,7.92648562335122,10.8105444033932,31.181450098719,7.70257734562055,7.72535218788903,7.77090187242598,7.90755092603685,8.5103871108789,10.5018775273974,13.3029778522759,32.2469057810315,15.3844306838457,29.4738444218572,33.9582630345058,40,28.5,35.5
"F11",NA,NA,NA,NA,NA,NA,NA,NA,NA,NA,NA,NA,NA,NA,NA,28.92787523116,NA,NA,NA,NA,NA,NA,6.60402676160836,29.8914460740868,5.54490333575282,5.56246417579108,5.59758585586762,5.70295089609722,5.87855929647989,6.75277454975226,9.49413748731997,31.6937381122351,7.07235797281804,7.095805756885,7.14270132501892,7.28338802942066,7.51786587009024,9.63480447539084,13.6068435856297,33.4606781633978,NA,NA,31.5329880022872,40,2.5,1.5
"F12",NA,NA,NA,NA,NA,NA,NA,NA,NA,NA,NA,NA,NA,NA,NA,27.6407538243783,NA,NA,NA,NA,NA,NA,5.3713380097479,29.3014542173427,5.2125256716955,5.22409596187184,5.24723654222451,5.31665828328253,5.43236118504589,6.7948625738302,9.63566261304291,32.0514754503945,6.87989470039487,6.89023003914303,6.91090071663935,6.97291274912831,7.07626613660991,9.80255947346312,12.7753039163787,33.4764447005423,NA,NA,29.8929887091394,40,1.5,1.5
"G1",NA,NA,NA,NA,NA,NA,NA,NA,NA,NA,NA,NA,NA,NA,NA,21.459628543722,NA,NA,NA,NA,NA,NA,NA,22.8490965427658,NA,NA,NA,NA,NA,6.33259982846036,8.04103602535986,23.8051443241858,6.30236938840423,6.32264602187723,6.36319928882323,6.48485908966123,6.68762542439122,8.00261249571717,12.6109485311481,24.0883109854977,23.8146776502731,25.6642197347795,29.7080354301739,40,27.5,27.5
"G2",NA,NA,NA,NA,NA,NA,NA,NA,NA,NA,NA,NA,NA,NA,NA,22.7012349627021,NA,NA,NA,NA,NA,NA,6.60017219710143,23.166710497812,NA,NA,NA,NA,NA,7.07803401261824,9.45247056894223,24.0520813813904,7.06484667256786,7.08917348910452,7.13782712217783,7.28378802139777,8.0684034845454,9.27670392173947,14.1812977276453,24.302887568328,23.4660489264098,25.6007616135855,29.8799979750602,NA,27.5,28.5
"G3",NA,NA,NA,NA,NA,NA,NA,NA,NA,NA,NA,NA,NA,NA,NA,21.1872732751825,NA,NA,NA,NA,NA,NA,6.3565360027856,21.5869603330955,NA,NA,NA,NA,NA,7.15708312447239,10.8964260017221,22.0486743583111,6.75660309976176,6.78563858682652,6.84370956095605,6.86689652357372,7.16197188357315,10.4933334595131,13.6301647325242,22.283916615112,21.5556146004387,23.7059442884805,28.2691553370156,40,27.5,25.5
"G4",NA,NA,NA,NA,NA,NA,NA,NA,NA,NA,NA,NA,NA,NA,NA,18.3121312088198,NA,NA,NA,NA,NA,NA,6.23772915423194,18.7941389589649,5.15039121634668,5.16346165886429,5.1896025438995,5.7690718576714,5.9427689239381,7.42347142312835,9.51236087409868,19.5605263141904,8.01873175749833,8.0374635149966,8.07492702999315,8.18731757498278,8.3746351499655,10.0615852822232,11.9717855696756,20.3838850825484,6.47400470451644,20.6857686895283,27.7110113880071,NA,20.5,21.5
"G5",NA,NA,NA,NA,NA,NA,NA,NA,NA,NA,NA,NA,NA,NA,NA,18.7535955592676,NA,NA,NA,NA,NA,NA,NA,19.3597456405989,NA,NA,NA,NA,NA,6.82249417435025,9.68771199990914,20.2823441463116,7.46139701733228,7.48265213472757,7.52516236951815,7.65269307388989,7.86524424784279,10.0040333662482,12.2872534798597,20.9192670703721,NA,20.4720560951587,27.4612250722127,NA,21.5,20.5
"G6",NA,NA,NA,NA,NA,NA,NA,NA,NA,NA,NA,NA,NA,NA,NA,19.0643862463902,NA,NA,NA,NA,NA,NA,6.56000975403367,19.4228689680236,5.56281580277358,5.57990483286554,5.71719384556206,5.8283194256067,6.0135287256811,7.5749994552367,9.24756452105375,20.2439550353595,7.15173208141805,7.17462719463103,7.220417421057,7.40172030249478,7.63714962520756,9.52058420690981,12.2654156083596,20.871042978423,19.3229565241966,21.3973961881499,28.1145026830828,40,34.5,21.5
"G7",NA,NA,NA,NA,NA,NA,NA,NA,NA,NA,NA,NA,NA,NA,5.3314625147531,16.6420782916832,NA,NA,NA,NA,NA,NA,6.65240700093863,16.9743932670909,5.62968699605658,5.64890231543217,5.68733295418336,5.80262487043691,5.99477806419283,7.47748202298102,9.28884416299225,17.6790837179221,7.97624301937947,7.99468412481776,8.03156633569435,8.14221296832411,8.32662402270704,9.6968840038499,12.0039994671437,18.2978987412703,18.0484467788662,20.4497947374455,26.7838256195044,40,32.5,24.5
"G8",NA,NA,NA,NA,NA,NA,NA,NA,NA,NA,NA,NA,NA,NA,NA,16.581106584931,NA,NA,NA,NA,NA,NA,7.33128863884969,17.4997545709748,NA,NA,NA,NA,6.1011244825483,7.76216298244929,9.57598612824838,18.2267569385798,8.02109353137089,8.04218706274186,8.01094438599305,8.1336617034283,8.33819056582039,9.82911325312013,12.934443464502,18.8096574983546,18.1952272857947,20.6922338259522,26.811479031898,NA,27.5,22.5
"G9",NA,NA,NA,NA,NA,NA,NA,NA,NA,NA,NA,NA,NA,NA,NA,17.4013879835455,NA,NA,NA,NA,NA,NA,6.62607509931975,18.0663185361445,NA,NA,NA,NA,NA,7.9355036184687,9.9639599355404,18.9457934094675,8.02200986161505,8.04401972323016,8.08803944646039,8.22009861615107,8.4401972323022,9.97183931912915,12.8532842837632,19.6031081143222,6.16085682245689,20.4777581782478,27.0398653812603,NA,28.5,24.5
"G10",NA,NA,NA,NA,NA,NA,NA,NA,NA,NA,NA,NA,NA,NA,NA,30.2550843177985,NA,NA,NA,NA,NA,NA,7.79586219151434,31.9238160167349,NA,NA,NA,NA,5.9727514155253,7.89916113959492,10.6313508137879,33.8198372950524,7.74401512939788,7.77211637942968,7.82831887949327,7.99692637968407,8.27793888000205,10.4283643810198,14.8243042934806,35.5033373601567,NA,NA,30.1990604475274,40,33.5,1.5
"G11",NA,NA,NA,NA,NA,NA,NA,NA,NA,NA,NA,NA,NA,NA,NA,28.0247494215571,NA,NA,NA,NA,NA,NA,6.0047944695755,29.2094156642962,NA,NA,NA,NA,5.14316479485023,6.87590640913707,10.3752892417848,31.2348001810459,6.68260229907968,6.70375648645917,6.74606486121814,6.87298998549506,7.08453185928993,10.0764392771432,13.457440949921,32.8600864944383,NA,NA,30.491564917121,NA,1.5,1.5
"G12",NA,NA,NA,NA,NA,NA,NA,NA,NA,NA,NA,NA,NA,NA,5.30562606581738,30.3228142469901,NA,NA,NA,NA,NA,NA,7.41443763730362,31.1070838835105,5.16486101173809,5.18663465420795,5.23018193914768,5.36082379396687,5.57856021866552,8.08188939355915,12.1203307219139,32.2987583009132,7.44762536454581,7.47589817047581,7.53244378233582,7.70208061791585,7.98480867721589,10.6505836647202,15.3611238155741,33.1853772662529,NA,17.1801152084399,32.1470097797562,40,30.5,1.5
"H1",NA,NA,NA,NA,NA,NA,NA,NA,NA,NA,NA,NA,NA,NA,NA,25.6488476262844,NA,NA,NA,NA,NA,NA,NA,32.8479714869276,NA,NA,NA,NA,NA,6.34707147429238,8.24626188237288,34.9316024339611,6.85033462725159,6.8693265313324,6.90731033949401,7.02126176397884,7.21118080478689,8.71105971629788,12.4066773274242,25.6590344156821,NA,NA,NA,32.8686923778606,1.5,1.5
"H2",NA,NA,NA,NA,NA,NA,NA,NA,NA,NA,NA,NA,NA,NA,NA,32.601732425764,NA,NA,NA,NA,NA,NA,6.68949786697432,38.6288655123742,5.64558486419796,5.66263390298678,5.69673198056442,5.79902621329735,5.96951660118557,6.87078333977436,9.28943255730768,36.2766735028603,7.24624600182932,7.26970431632262,7.31662094530924,7.45737083226907,8.11976989644016,9.49617863392062,12.4819961932668,34.2808804863343,NA,NA,NA,12.1176153098489,1.5,1.5
"H3",NA,NA,NA,NA,NA,NA,NA,NA,NA,NA,NA,NA,NA,NA,NA,23.9269756780941,NA,NA,NA,NA,NA,NA,6.47219927168018,24.3140593394018,NA,NA,5.03379148618141,5.14471010947438,5.53069308534027,7.32181057875079,11.5079732539308,24.6801434768186,6.80427771130376,6.8266666799714,6.87144461730666,7.00577842931245,7.22966811598876,10.8474954291156,14.2350709461327,24.9057513578633,24.3580876596318,26.170452365237,30.2540336267007,NA,26.5,27.5
"H4",NA,NA,NA,NA,NA,NA,NA,NA,NA,NA,NA,NA,NA,NA,NA,17.5460290392844,NA,NA,NA,NA,NA,NA,5.53668912132496,18.270430333877,NA,NA,NA,NA,5.38619221809146,6.52817214504788,9.59450685717678,19.3436412686332,6.76256402508254,6.78456641627725,6.82857119866666,6.96058554583489,7.18060945778195,9.71406035350626,11.6745792753161,20.0166269860819,15.60236821894,20.5985349425271,27.3597037324976,40,28.5,29.5
"H5",NA,NA,NA,NA,NA,NA,NA,NA,NA,NA,NA,NA,NA,NA,NA,18.2760388994787,NA,NA,NA,NA,NA,NA,5.97362530437642,18.991427618363,5.16418284441852,5.1825636744869,5.21932533462366,5.32961031503394,5.51341861571774,7.10970485316374,8.98641813781451,19.827066716933,7.39944788877675,7.41857885730534,7.45684079436253,7.57162660553409,7.76293629082003,9.53079314693867,11.8928815003851,20.4617245701757,18.4508184232907,20.5269024373406,26.6874005627201,NA,24.5,20.5
"H6",NA,NA,NA,NA,NA,NA,NA,NA,NA,NA,NA,NA,NA,NA,NA,18.3753410142935,NA,NA,NA,NA,NA,NA,5.90718572656604,19.1749709626395,5.26244609455596,5.27687644178508,5.3057371362433,5.39231921961797,5.17055081334446,6.74095154218077,9.66306314646459,19.845728036672,6.71870275400548,6.7386082954557,6.77841937835616,6.89785262705753,7.09690804155981,9.60979999049498,12.2634659375416,20.3469695245886,7.54129956452172,19.5343812974075,26.3470722329549,NA,26.5,20.5
"H7",NA,NA,NA,NA,NA,NA,NA,NA,NA,NA,NA,NA,NA,NA,NA,18.24721120467,NA,NA,NA,NA,NA,NA,NA,23.3552379726967,NA,NA,NA,NA,5.00377774381262,6.00058655138565,7.19235474334715,33.726957623709,6.5416132775357,6.55452324757644,6.58034318765791,6.65780300790233,6.7869027083097,7.78132436212425,11.274709847923,38.4487107144876,36.041807863631,32.1203977267828,20.3561673162379,NA,1.5,1.5
"H8",NA,NA,NA,NA,NA,NA,NA,NA,NA,NA,NA,NA,NA,NA,NA,35.2218770672094,NA,NA,NA,NA,NA,NA,6.00765606542982,38.2280896158943,NA,NA,NA,NA,NA,7.36142608509969,10.4955362326139,NA,7.01666302998702,7.04039277345567,7.08785226039297,7.23023072120487,8.09114630412664,10.617780619364,13.3167981478966,38.492718692048,NA,NA,21.8120530869766,8.99795808176771,1.5,1.5
"H9",NA,NA,NA,NA,NA,NA,NA,NA,NA,NA,NA,NA,NA,NA,NA,37.3310247440569,NA,NA,NA,NA,NA,NA,6.03169112287683,NA,NA,5.00189269583259,5.03136509797438,5.11978230439976,5.26714431510873,7.69140944618748,10.7410362689266,NA,7.65272022436314,7.67507564306507,7.52423116431559,7.67461999148041,7.9252680367551,10.4285595717621,13.5301888558229,NA,28.8307353658148,15.8124138104314,12.4986837044042,17.9939549321383,4.5,5.5
"H10",NA,NA,NA,NA,NA,NA,NA,NA,NA,NA,NA,NA,NA,NA,NA,34.9386761322493,NA,NA,NA,NA,NA,NA,6.21133950302627,39.3036779223762,5.56891692106507,5.58644552345137,5.62150272822397,5.72667434254176,5.49109888469065,7.00029243087004,9.74595499060714,32.7224781418158,7.07856886798578,7.10095323156133,7.14572195871242,7.2800281401657,7.50387177592117,9.84252326672509,14.6723084728061,27.6297033985338,NA,NA,NA,NA,20.5,1.5
"H11",NA,NA,NA,NA,NA,NA,NA,NA,NA,NA,NA,NA,NA,NA,5.75134427967092,30.2745480725707,NA,NA,NA,NA,NA,5.41764496670826,7.90591142745818,31.8160681400465,5.67791648595351,5.70167027018835,5.74917783865804,5.89567572563839,6.1339843679384,8.15189375064674,10.7824722802003,33.619348654659,7.85565167741907,7.88035600257401,7.92976465288388,8.0779906038135,8.32503385536285,10.4226310311139,14.7732756615289,35.0539883534645,NA,6.21433112958816,31.1321910807976,NA,39.5,1.5
"H12",NA,NA,NA,NA,NA,NA,NA,NA,NA,NA,NA,NA,NA,NA,NA,27.1281934111095,NA,NA,NA,NA,NA,NA,NA,31.5695812309849,NA,NA,NA,NA,NA,7.05686593077073,10.4746786979754,34.5889418278983,6.94720460611499,6.9698091209884,7.01501815073524,7.15064523997573,7.56895215309858,10.2991905079512,12.7447282179921,36.9119937405394,NA,NA,NA,NA,1.5,1.5
