exp,samples,mix,day,strain,s9,dose,dose_value,n,mean_rev,sd_rev,se_rev
1,abiotic,1,0,TA98,no,a,50,2,12.5,2.1213203435596424,1.4999999999999998
1,abiotic,1,0,TA98,no,b,25,2,12.5,2.1213203435596424,1.4999999999999998
1,abiotic,1,0,TA98,no,c,13,2,7.5,2.1213203435596424,1.4999999999999998
1,abiotic,1,0,TA98,no,d,5,2,16,2.8284271247461903,2
1,abiotic,1,7,TA98,no,a,50,2,14,2.8284271247461903,2
1,abiotic,1,7,TA98,no,b,25,2,17.5,0.7071067811865476,0.5
1,abiotic,1,7,TA98,no,c,13,2,12,1.4142135623730951,1
1,abiotic,1,7,TA98,no,d,5,2,14,2.8284271247461903,2
1,biotic,1,7,TA98,no,a,50,2,15.5,4.949747468305833,3.4999999999999996
1,biotic,1,7,TA98,no,b,25,2,18,4.242640687119285,2.9999999999999996
1,biotic,1,7,TA98,no,c,13,2,16.5,6.363961030678928,4.5
1,biotic,1,7,TA98,no,d,5,2,15.5,3.5355339059327378,2.5
2,abiotic,1,0,TA100,no,a,50,2,46.5,3.5355339059327378,2.5
2,abiotic,1,0,TA100,no,b,25,2,40.5,6.363961030678928,4.5
2,abiotic,1,0,TA100,no,c,13,2,45.5,3.5355339059327378,2.5
2,abiotic,1,0,TA100,no,d,5,2,52.5,0.7071067811865476,0.5
2,abiotic,1,7,TA100,no,a,50,2,43,5.656854249492381,4
2,abiotic,1,7,TA100,no,b,25,2,52.5,4.949747468305833,3.4999999999999996
2,abiotic,1,7,TA100,no,c,13,2,44.5,9.192388155425117,6.499999999999999
2,abiotic,1,7,TA100,no,d,5,2,54,7.0710678118654755,5
2,biotic,1,7,TA100,no,a,50,2,75,14.142135623730951,10
2,biotic,1,7,TA100,no,b,25,2,62.5,6.363961030678928,4.5
2,biotic,1,7,TA100,no,c,13,2,54.5,7.7781745930520225,5.499999999999999
2,biotic,1,7,TA100,no,d,5,2,59.5,4.949747468305833,3.4999999999999996
3,abiotic,2,0,TA100,no,a,50,2,43.5,0.7071067811865476,0.5
3,abiotic,2,0,TA100,no,b,25,2,53,2.8284271247461903,2
3,abiotic,2,0,TA100,no,c,13,2,45,0,0
3,abiotic,2,0,TA100,no,d,5,2,53,11.313708498984761,8
3,abiotic,2,0,TA98,no,a,50,2,24.5,2.1213203435596424,1.4999999999999998
3,abiotic,2,0,TA98,no,b,25,2,23.5,9.192388155425117,6.499999999999999
3,abiotic,2,0,TA98,no,c,13,2,23,5.656854249492381,4
3,abiotic,2,0,TA98,no,d,5,2,25.5,0.7071067811865476,0.5
3,abiotic,2,7,TA100,no,a,50,2,47,1.4142135623730951,1
3,abiotic,2,7,TA100,no,b,25,2,62,4.242640687119285,2.9999999999999996
3,abiotic,2,7,TA100,no,c,13,2,49.5,3.5355339059327378,2.5
3,abiotic,2,7,TA100,no,d,5,2,54.5,4.949747468305833,3.4999999999999996
3,abiotic,2,7,TA98,no,a,50,2,26,2.8284271247461903,2
3,abiotic,2,7,TA98,no,b,25,2,19.5,0.7071067811865476,0.5
3,abiotic,2,7,TA98,no,c,13,2,28,5.656854249492381,4
3,abiotic,2,7,TA98,no,d,5,2,24,7.0710678118654755,5
3,biotic,2,7,TA100,no,a,50,2,64.5,10.606601717798213,7.5
3,biotic,2,7,TA100,no,b,25,2,56,7.0710678118654755,5
3,biotic,2,7,TA100,no,c,13,2,61.5,7.7781745930520225,5.499999999999999
3,biotic,2,7,TA100,no,d,5,2,53,11.313708498984761,8
3,biotic,2,7,TA98,no,a,50,2,31,5.656854249492381,4
3,biotic,2,7,TA98,no,b,25,2,26,2.8284271247461903,2
3,biotic,2,7,TA98,no,c,13,2,26.5,7.7781745930520225,5.499999999999999
3,biotic,2,7,TA98,no,d,5,2,34.5,0.7071067811865476,0.5
4,abiotic,1,0,TA98,yes,a,50,2,45.5,12.020815280171307,8.499999999999998
4,abiotic,1,0,TA98,yes,b,25,2,41,0,0
4,abiotic,1,0,TA98,yes,c,13,2,49,8.48528137423857,5.999999999999999
4,abiotic,1,0,TA98,yes,d,5,2,49,0,0
4,abiotic,1,7,TA98,yes,a,50,2,44.5,4.949747468305833,3.4999999999999996
4,abiotic,1,7,TA98,yes,b,25,2,41.5,2.1213203435596424,1.4999999999999998
4,abiotic,1,7,TA98,yes,c,13,2,36,2.8284271247461903,2
4,abiotic,1,7,TA98,yes,d,5,2,44.5,6.363961030678928,4.5
4,abiotic,2,0,TA98,yes,a,50,2,42.5,6.363961030678928,4.5
4,abiotic,2,0,TA98,yes,b,25,2,38,1.4142135623730951,1
4,abiotic,2,0,TA98,yes,c,13,2,40.5,6.363961030678928,4.5
4,abiotic,2,0,TA98,yes,d,5,2,47,5.656854249492381,4
4,abiotic,2,7,TA98,yes,a,50,2,39,8.48528137423857,5.999999999999999
4,abiotic,2,7,TA98,yes,b,25,2,54,11.313708498984761,8
4,abiotic,2,7,TA98,yes,c,13,2,44,1.4142135623730951,1
4,abiotic,2,7,TA98,yes,d,5,2,39,8.48528137423857,5.999999999999999
4,biotic,1,7,TA98,yes,a,50,2,34.5,4.949747468305833,3.4999999999999996
4,biotic,1,7,TA98,yes,b,25,2,41,5.656854249492381,4
4,biotic,1,7,TA98,yes,c,13,2,34.5,6.363961030678928,4.5
4,biotic,1,7,TA98,yes,d,5,2,42.5,6.363961030678928,4.5
4,biotic,2,7,TA98,yes,a,50,2,45.5,6.363961030678928,4.5
4,biotic,2,7,TA98,yes,b,25,2,45,8.48528137423857,5.999999999999999
4,biotic,2,7,TA98,yes,c,13,2,40.5,0.7071067811865476,0.5
4,biotic,2,7,TA98,yes,d,5,2,43,7.0710678118654755,5
7,abiotic,1,14,TA98,yes,a,50,2,33,7.0710678118654755,5
7,abiotic,1,14,TA98,yes,b,25,2,32,9.899494936611665,6.999999999999999
7,abiotic,1,14,TA98,yes,c,13,2,36,2.8284271247461903,2
7,abiotic,1,14,TA98,yes,d,5,2,26.5,3.5355339059327378,2.5
7,abiotic,2,14,TA98,yes,a,50,2,34,2.8284271247461903,2
7,abiotic,2,14,TA98,yes,b,25,2,0,0,0
7,abiotic,2,14,TA98,yes,c,13,2,33,4.242640687119285,2.9999999999999996
7,abiotic,2,14,TA98,yes,d,5,2,34,4.242640687119285,2.9999999999999996
7,biotic,1,3,TA98,yes,a,50,2,27.5,0.7071067811865476,0.5
7,biotic,1,3,TA98,yes,b,25,2,34.5,7.7781745930520225,5.499999999999999
7,biotic,1,3,TA98,yes,c,13,2,37,0,0
7,biotic,1,3,TA98,yes,d,5,2,30,5.656854249492381,4
7,biotic,1,14,TA98,yes,a,50,2,37,4.242640687119285,2.9999999999999996
7,biotic,1,14,TA98,yes,b,25,2,31.5,6.363961030678928,4.5
7,biotic,1,14,TA98,yes,c,13,2,32,7.0710678118654755,5
7,biotic,1,14,TA98,yes,d,5,2,27.5,0.7071067811865476,0.5
7,biotic,2,3,TA98,yes,a,50,2,33,1.4142135623730951,1
7,biotic,2,3,TA98,yes,b,25,2,26,7.0710678118654755,5
7,biotic,2,3,TA98,yes,c,13,2,33,1.4142135623730951,1
7,biotic,2,3,TA98,yes,d,5,2,29,1.4142135623730951,1
7,biotic,2,14,TA98,yes,a,50,2,36.5,6.363961030678928,4.5
7,biotic,2,14,TA98,yes,b,25,2,34.5,0.7071067811865476,0.5
7,biotic,2,14,TA98,yes,c,13,2,31,5.656854249492381,4
7,biotic,2,14,TA98,yes,d,5,2,34.5,2.1213203435596424,1.4999999999999998
8,abiotic,1,14,TA100,no,a,50,2,60.5,10.606601717798213,7.5
8,abiotic,1,14,TA100,no,b,25,2,64.5,3.5355339059327378,2.5
8,abiotic,1,14,TA100,no,c,13,2,64.5,10.606601717798213,7.5
8,abiotic,1,14,TA100,no,d,5,2,67,4.242640687119285,2.9999999999999996
8,abiotic,2,14,TA100,no,a,50,2,56.5,4.949747468305833,3.4999999999999996
8,abiotic,2,14,TA100,no,b,25,2,66,8.48528137423857,5.999999999999999
8,abiotic,2,14,TA100,no,c,13,2,66.5,2.1213203435596424,1.4999999999999998
8,abiotic,2,14,TA100,no,d,5,2,58,11.313708498984761,8
8,biotic,1,3,TA100,no,a,50,2,45.5,3.5355339059327378,2.5
8,biotic,1,3,TA100,no,b,25,2,63,8.48528137423857,5.999999999999999
8,biotic,1,3,TA100,no,c,13,2,67,2.8284271247461903,2
8,biotic,1,3,TA100,no,d,5,2,62,7.0710678118654755,5
8,biotic,1,14,TA100,no,a,50,2,55,16.97056274847714,11.999999999999998
8,biotic,1,14,TA100,no,b,25,2,65.5,3.5355339059327378,2.5
8,biotic,1,14,TA100,no,c,13,2,74.5,4.949747468305833,3.4999999999999996
8,biotic,1,14,TA100,no,d,5,2,61.5,4.949747468305833,3.4999999999999996
8,biotic,2,3,TA100,no,a,50,2,60,12.727922061357855,9
8,biotic,2,3,TA100,no,b,25,2,60,1.4142135623730951,1
8,biotic,2,3,TA100,no,c,13,2,54.5,2.1213203435596424,1.4999999999999998
8,biotic,2,3,TA100,no,d,5,2,69,2.8284271247461903,2
8,biotic,2,14,TA100,no,a,50,2,56.5,7.7781745930520225,5.499999999999999
8,biotic,2,14,TA100,no,b,25,2,54,8.48528137423857,5.999999999999999
8,biotic,2,14,TA100,no,c,13,2,53.5,0.7071067811865476,0.5
8,biotic,2,14,TA100,no,d,5,2,57,11.313708498984761,8
10,abiotic,1,0,TA100,yes,a,50,2,38.5,3.5355339059327378,2.5
10,abiotic,1,0,TA100,yes,b,25,2,31,1.4142135623730951,1
10,abiotic,1,0,TA100,yes,c,13,2,24.5,3.5355339059327378,2.5
10,abiotic,1,0,TA100,yes,d,5,2,29,5.656854249492381,4
10,abiotic,1,7,TA100,yes,a,50,2,34,1.4142135623730951,1
10,abiotic,1,7,TA100,yes,b,25,2,0,0,0
10,abiotic,1,7,TA100,yes,c,13,2,37.5,6.363961030678928,4.5
10,abiotic,1,7,TA100,yes,d,5,2,28,11.313708498984761,8
10,abiotic,2,0,TA100,yes,a,50,2,40,8.48528137423857,5.999999999999999
10,abiotic,2,0,TA100,yes,b,25,2,47,19.79898987322333,13.999999999999998
10,abiotic,2,0,TA100,yes,c,13,2,57.5,2.1213203435596424,1.4999999999999998
10,abiotic,2,0,TA100,yes,d,5,2,60,5.656854249492381,4
10,abiotic,2,7,TA100,yes,a,50,2,53.5,4.949747468305833,3.4999999999999996
10,abiotic,2,7,TA100,yes,b,25,2,49.5,6.363961030678928,4.5
10,abiotic,2,7,TA100,yes,c,13,2,61,9.899494936611665,6.999999999999999
10,abiotic,2,7,TA100,yes,d,5,2,57.5,2.1213203435596424,1.4999999999999998
10,biotic,1,7,TA100,yes,a,50,2,46.5,4.949747468305833,3.4999999999999996
10,biotic,1,7,TA100,yes,b,25,2,36,1.4142135623730951,1
10,biotic,1,7,TA100,yes,c,13,2,35,1.4142135623730951,1
10,biotic,1,7,TA100,yes,d,5,2,42.5,2.1213203435596424,1.4999999999999998
10,biotic,2,7,TA100,yes,a,50,2,70.5,2.1213203435596424,1.4999999999999998
10,biotic,2,7,TA100,yes,b,25,2,59.5,2.1213203435596424,1.4999999999999998
10,biotic,2,7,TA100,yes,c,13,2,66,2.8284271247461903,2
10,biotic,2,7,TA100,yes,d,5,2,56,1.4142135623730951,1
11,abiotic,1,14,TA100,yes,a,50,2,36.5,3.5355339059327378,2.5
11,abiotic,1,14,TA100,yes,b,25,2,41.5,28.991378028648448,20.5
11,abiotic,1,14,TA100,yes,c,13,2,44.5,0.7071067811865476,0.5
11,abiotic,1,14,TA100,yes,d,5,2,40,8.48528137423857,5.999999999999999
11,abiotic,2,14,TA100,yes,a,50,2,44,4.242640687119285,2.9999999999999996
11,abiotic,2,14,TA100,yes,b,25,2,30,1.4142135623730951,1
11,abiotic,2,14,TA100,yes,c,13,2,40.5,2.1213203435596424,1.4999999999999998
11,abiotic,2,14,TA100,yes,d,5,2,39.5,6.363961030678928,4.5
11,biotic,1,3,TA100,yes,a,50,2,28,0,0
11,biotic,1,3,TA100,yes,b,25,2,26,2.8284271247461903,2
11,biotic,1,3,TA100,yes,c,13,2,36,9.899494936611665,6.999999999999999
11,biotic,1,3,TA100,yes,d,5,2,30.5,2.1213203435596424,1.4999999999999998
11,biotic,1,14,TA100,yes,a,50,2,27.5,0.7071067811865476,0.5
11,biotic,1,14,TA100,yes,b,25,2,46.5,2.1213203435596424,1.4999999999999998
11,biotic,1,14,TA100,yes,c,13,2,39.5,7.7781745930520225,5.499999999999999
11,biotic,1,14,TA100,yes,d,5,2,32.5,3.5355339059327378,2.5
11,biotic,2,3,TA100,yes,a,50,2,35.5,4.949747468305833,3.4999999999999996
11,biotic,2,3,TA100,yes,b,25,2,49,11.313708498984761,8
11,biotic,2,3,TA100,yes,c,13,2,36.5,4.949747468305833,3.4999999999999996
11,biotic,2,3,TA100,yes,d,5,2,27,7.0710678118654755,5
11,biotic,2,14,TA100,yes,a,50,2,34,1.4142135623730951,1
11,biotic,2,14,TA100,yes,b,25,2,25.5,0.7071067811865476,0.5
11,biotic,2,14,TA100,yes,c,13,2,31,12.727922061357855,9
11,biotic,2,14,TA100,yes,d,5,2,26.5,7.7781745930520225,5.499999999999999
12,abiotic,1,14,TA98,no,a,50,2,24,9.899494936611665,6.999999999999999
12,abiotic,1,14,TA98,no,b,25,2,29,1.4142135623730951,1
12,abiotic,1,14,TA98,no,c,13,2,33,1.4142135623730951,1
12,abiotic,1,14,TA98,no,d,5,2,20.5,3.5355339059327378,2.5
12,abiotic,2,14,TA98,no,a,50,2,29,7.0710678118654755,5
12,abiotic,2,14,TA98,no,b,25,2,32.5,6.363961030678928,4.5
12,abiotic,2,14,TA98,no,c,13,2,32,2.8284271247461903,2
12,abiotic,2,14,TA98,no,d,5,2,30,12.727922061357855,9
12,biotic,1,3,TA98,no,a,50,2,35.5,2.1213203435596424,1.4999999999999998
12,biotic,1,3,TA98,no,b,25,2,34,2.8284271247461903,2
12,biotic,1,3,TA98,no,c,13,2,30,4.242640687119285,2.9999999999999996
12,biotic,1,3,TA98,no,d,5,2,24,8.48528137423857,5.999999999999999
12,biotic,1,14,TA98,no,a,50,2,33,2.8284271247461903,2
12,biotic,1,14,TA98,no,b,25,2,25.5,2.1213203435596424,1.4999999999999998
12,biotic,1,14,TA98,no,c,13,2,37,8.48528137423857,5.999999999999999
12,biotic,1,14,TA98,no,d,5,2,31,4.242640687119285,2.9999999999999996
12,biotic,2,3,TA98,no,a,50,2,26.5,0.7071067811865476,0.5
12,biotic,2,3,TA98,no,b,25,2,29,14.142135623730951,10
12,biotic,2,3,TA98,no,c,13,2,25,4.242640687119285,2.9999999999999996
12,biotic,2,3,TA98,no,d,5,2,26,1.4142135623730951,1
12,biotic,2,14,TA98,no,a,50,2,28.5,7.7781745930520225,5.499999999999999
12,biotic,2,14,TA98,no,b,25,2,32,4.242640687119285,2.9999999999999996
12,biotic,2,14,TA98,no,c,13,2,34,7.0710678118654755,5
12,biotic,2,14,TA98,no,d,5,2,35,2.8284271247461903,2
