"cycle","A1","A2","A3","A4","A5","A6","A7","A8","A9","A10","A11","A12","B1","B2","B3","B4","B5","B6","B7","B8","B9","B10","B11","B12","C1","C2","C3","C4","C5","C6","C7","C8","C9","C10","C11","C12","D1","D2","D3","D4","D5","D6","D7","D8","D9","D10","D11","D12","E1","E2","E3","E4","E5","E6","E7","E8","E9","E10","E11","E12","F1","F2","F3","F4","F5","F6","F7","F8","F9","F10","F11","F12","G1","G2","G3","G4","G5","G6","G7","G8","G9","G10","G11","G12","H1","H2","H3","H4","H5","H6","H7","H8","H9","H10","H11","H12"
1,0.0512307770013391,0,0.0360611962198079,0,0,0,0,0,0,0,0,0.877263161158822,0,0.0171470355895406,0.00744877645185757,0.0149143701816869,0.0150385965982782,0,0.0175332234553219,1,0.116502588239881,0.0188927927433497,0.956995734428321,0,0,0.0515027272699216,0,0.26810143116666,0.0221443121798998,0.183092563626921,0.0323538955056012,0.166385361831133,1,0.660035877878979,0.230435243542654,0,0,0.00115858439607003,0.0333204678748899,0,0.00516804813459033,0.261613028548628,0.253524384602049,0.216906474165582,0.802615835218081,0.954494179217297,0.67128290346669,0,0,0,0.0222945489205785,0,0.274582175447592,0.306378300737572,0,1,0.0903999758160231,0.0133843205857301,1,0,0.90361188528579,0.0110904035428824,0.00948111607599008,0.957991301629091,0.0297754810601644,0.254644588209422,0.0867843152056669,0,0,0,1,0,0,0.969950641376867,0.720019844352173,0.0335777175720184,1,0,0.297923195730084,0.343435338381626,1,0.0169842292781696,1,0,0,0,0,0,0.297136890724285,0,0,0,0,0,0,0
2,0.100092691527993,0.0227537824319654,0.0693319072832867,0.183077669169681,0.173535240656326,0.151229789677907,0.383190238109037,0.50385373555962,0.597520697296638,0.461368782585147,0.558353117570504,0.973005640717592,0.0465935816768145,0.00898252143004132,0.00190796867120551,0.0168444455105714,0.0201330952737505,0.0790560442783766,0.0189380194613347,0.849227402781915,0.100244467131117,0.0178663655029199,0.444676875110428,0.384532226856961,0.0270202489132127,0.0198452708326676,0.00813343655733906,0.142394706946248,0.0233313063312664,0.0994576037088254,0.0261827743345153,0.149276305237139,0.387506418373006,0.576406264501031,0.101837218490086,0.465481424950014,0.0679210761163057,0,0.00670659775703245,0.0812484001327385,0.00181998525600906,0.246744754758633,0.219833007563253,0,0.109082632264386,1,0.682441603163391,0.511393147567923,0.0995204916184825,0.012438208537054,0,0.0406013436410914,0.251396342890732,0,0.0750215187835496,0.397059423197244,0.0767954734513776,0.0133860372499923,0.817004390508539,0.760522019015624,0.987485171071952,0.00350524899954829,0,0,0.0191950322665751,0,0.0937496253985766,0.476108933221534,0.261311367184344,0.00110683220019897,0.42470919670377,0.437803514534749,0.494156638886519,0.967732228288917,0.612975833686581,0.0286646701606459,0.552636586808816,0.0835817373644402,0.189091361760709,0.292207278925957,0.407569312941724,0.0117347423682027,0.417316911259529,0.462382968310113,0.472969359040595,0.715762419560621,0.490759122875299,0.502474764888166,0.877053638284005,0.537133675224696,0.557229264610959,0.844205604747974,0.514065522976608,0.844806543179412,0.668257922408358,0.534365415138325
3,0.131969271390458,0.0342135171325652,0.0839466266991144,0.280469024083282,0.260849617541099,0.232781383199411,0.677516463367809,0.771706836514,0.794126938059681,0.776468909190107,0.819475008940619,1,0.0658507223046983,0.00437508160426217,0,0.0212985371428888,0.0252329098163577,0.198480846528799,0.0209925772209051,0.705748494419971,0.0846493766893808,0.0174401906810747,0.212502462026071,0.61211060959665,0.0434458189598706,0.0065740405990651,0.0159678564228376,0.0869688830846236,0.027296447320362,0.124504579326863,0.020665385800556,0.131860245944572,0.167839306517157,0.496591213163533,0.0343652986770172,0.669752818460901,0.0878452034465168,0.00379218450098274,0,0.426743874506479,0,0.232930858949892,0.187422164811561,0.099053617787377,0.463484605149753,0.980036523331559,0.658086822929823,0.636073469540878,0.174357984054134,0.0293531127644206,0.0305340814820776,0.266001970402539,0.227300072591023,0.194999431978822,0.151882334652011,0.146045100635513,0.0635877858896698,0.0131071736767955,0.669802842787693,0.829806428094898,1,0.00160161857818354,0.00541397585540196,0.158972360862573,0.0106585120162043,0.143071794525073,0.101516881160313,0.436315411258502,0.414849222858331,0.00204934960192037,0.260112287027598,0.748667051198449,0.721845097053123,0.96675708945777,0.64512374123139,0.0245155436643422,0.434816936986269,0.167973878927744,0.225933027236293,0.243036082557659,0.19502078367552,0.00710295226653794,0.320729159254399,0.77347619953742,0.602253899175843,0.876631134859864,0.772332722493428,0.822194998750974,0.873538696791651,0.733210694745351,0.76257831615336,0.787724051362409,0.846045137467005,0.96624049056169,0.721360687189114,0.73677245541509
4,0.136537617569348,0.0393363074588537,0.0846260217845934,0.317371670547684,0.284089976100501,0.265709792184418,0.867670847339417,0.904594467165584,0.922134780344578,0.82258656509755,0.898795850048785,0.993692902936792,0.0683842910005278,0.00226023970812875,0.000680966619770358,0.0276793599309604,0.0293193955501763,0.316573209177104,0.0229964226743906,0.572115561718137,0.0700266192610703,0.0173709364038826,0.19481428106268,0.7233468421016,0.0492212256868019,0.0102331322453361,0.0220450453702209,0.0805450564525395,0.0331789010990235,0.154354178888828,0.0159087334124681,0.114125821635726,0.226604285069299,0.421017948389492,0.0203736546496095,0.764175143227927,0.094625046029321,0.0083917095083798,0.00639968758196482,0.86786873042379,5.3396604478916e-05,0.216331665964417,0.156836533820906,0.427810095051356,0.66786962069228,0.874769877701343,0.565184936688472,0.730558093060221,0.225953578420074,0.0479226827860658,0.0602092648241859,0.465639531796874,0.200594610554747,0.517408391202227,0.22148311537706,0.222501077224449,0.0511541827898325,0.012364599027979,0.570319401100165,0.923310724106232,0.99780760600908,0.00726275741705509,0.023219749499825,0.462878790097228,0.00459404911056316,0.360558827809447,0.10894953527795,0.4392958050411,0.471478281804243,0.00273479940166279,0.287221783037225,0.926612579893454,0.821453113022461,0.967889807919256,0.769934051784838,0.0211184850386757,0.378293120405498,0.253722770423524,0.251132206463867,0.197665199428099,0.212752025315911,0.00317591698113251,0.31472657366725,0.894514637208035,0.767178156351139,0.931373462004787,0.917982754019202,0.917573878307069,0.946616557520038,0.814440326298206,0.88506338435081,0.894232113067559,0.955155229895499,0.935111829248578,0.754759527681914,0.745254799415554
5,0.126218022257421,0.0415413504699646,0.0777772983854384,0.329782353331382,0.272973553601992,0.281559680642422,0.946444357896853,0.95673103656843,0.965887771668127,0.921591620738775,0.957863415205139,0.975104123499869,0.0749677039480167,0.00102313902915816,0.00209530509292462,0.0328321189162008,0.0309845813243564,0.399848924891471,0.0238092380220053,0.451385499234099,0.0564717460522383,0.0173506618020132,0.226367552049323,0.771471445990259,0.0485261088405799,0.0163552989184018,0.0259939237509528,0.0763473220177688,0.0388943246222746,0.13316444405562,0.0118748522332696,0.0963200405886546,0.255340666413495,0.34859281966064,0.0171318663376776,0.773133651163485,0.105105927121434,0.00960252700159157,0.0128328563372208,0.9795889007683,0.00180222350655576,0.193693351853359,0.128212137930539,0.501047907404319,0.59339397256024,0.694026190068773,0.404521530555687,0.911377041787398,0.251960064289749,0.059288267707888,0.0727730901834685,0.553925758301642,0.171197400306836,0.726508335079028,0.270450214750613,0.26048639092642,0.0396744082561911,0.0111775590454982,0.506632137408199,1,0.988215253131572,0.00884738474679164,0.0457557499955196,0.683355269046823,0.000891828178482145,0.38329332594175,0.112537698954545,0.577152334892855,0.450649881586937,0.00295931774201856,0.274791913578163,0.997714731390926,0.884922212236894,0.971014249094382,0.847188449757634,0.0178259171754537,0.313503225348729,0.338736476792102,0.274088254202765,0.15683372163553,0.291777841220597,0.000581178222949259,0.284982437314029,0.916400695316783,0.81876825019799,1,0.972655691728698,0.930737653202949,1,0.873423044403449,0.915370788791868,1,0.922948472455148,0.995038421593623,0.84172058108956,0.856968302579271
6,0.107431793457289,0.0410528935572106,0.0637666667587046,0.320548524765525,0.245685032427207,0.275554515168205,0.94342354301565,0.955259996364221,0.968410293842814,0.917825094158463,0.946371796938833,0.945869870966915,0.0775504167576215,0,0.00209753009923659,0.0326313808051498,0.0294334131471748,0.456565362750298,0.0228215416464955,0.344478345827883,0.043966894823956,0.0165478407239878,0.180546953738618,0.785538361830434,0.0432084001479517,0.0106910233482368,0.0275902636919471,0.0664712134666209,0.0405428921577797,0.131538517296435,0.00860271228146675,0.0787153266705348,0.11263626121039,0.27946844948726,0.00577714165589475,0.723164941397264,0.0919540885184103,0.00450030592747481,0.0142887087382154,0.29463221903928,0.00682085925452408,0.164218781904158,0.101633833042033,0.45458985007761,0.506493143123874,0.466616574532173,0.218116304985908,0.892533044835964,0.257588252944338,0.0605838315452726,0.073154658387756,0.566521165164912,0.140130154322631,0.727528491386049,0.297189135148734,0.176967974664444,0.0293931616122026,0.00960207097380686,0.470230427045209,0.958846731704466,0.948738049589718,0.00457200453011971,0.0728562240791319,0.641006301940372,0,0.424084493321789,0.10998281478363,0.202971550359294,0.410072588758425,0.0026896615089548,0.225294029725378,0.997276279714295,0.90510249779546,0.975498325789873,0.87682954531017,0.0142549198465166,0.278009888957424,0.420508461803629,0.227607183604751,0.120664270329392,0.319781722456142,0,0.137440060952979,0.890974056242498,0.852132790238198,0.932664012776839,0.965592968127852,0.923763162490855,0.920128186710938,0.895609921203259,0.908812530649515,0.816205634724638,0.839885682163034,0.881649869774272,0.799934502273079,0.812524683678558
7,0.0927579673345017,0.0371947567587818,0.0491754218503833,0.294338821353375,0.222546786107444,0.2427328542308,0.923175588853192,0.989207933434203,0.971657113776776,0.826847490426224,0.947055064651031,0.923986327587342,0.0698157123005207,0.00110031693263982,0.00103232564652699,0.0272698185558536,0.0254029067477506,0.516541821942425,0.0201584920094423,0.253742358286229,0.032571476917306,0.0146724554434036,0.103864108264125,0.784716398067273,0.0400596457215216,0.00839536847583467,0.0273480801255119,0.0561230899523383,0.0326283639225646,0.129200802287237,0.00610333950567096,0.0619233712535905,0.0438241045993292,0.21767087602491,0.000996483481172379,0.691294744867488,0.0931920418644641,0.00332640548069235,0.0148209125316474,0.459525902978475,0.0182557852047767,0.131269243938553,0.0774854144732015,0.433416313796529,0.306343300544807,0.281229053289557,0.102563828523023,0.83646986858554,0.26423773318999,0.0589480145281743,0.0745423242728688,0.583597315298083,0.109199040467677,0.709088996848119,0.30549136257142,0.117861204026056,0.0204957967031076,0.00781064688901973,0.464231014499236,0.918502684390375,0.915595623753504,0.00593659375726443,0.10123224720921,0.457889863017626,0.00307581428782425,0.412160170748313,0.107758685030318,0.164586848495536,0.400086209322503,0.00220413658433822,0.209656908604623,0.960169647359505,0.921531311015306,0.980908998319622,0.902133925865206,0.0104875545901813,0.359654810178447,0.499140653190079,0.211473925213842,0.0893904755656716,0.323380166896104,0.00195737211003217,0.199122211986472,0.942932225264722,0.879045015532868,0.911128316652523,0.957809652736221,0.921291739337391,0.869636878418155,0.889883268224384,0.920995826191444,0.827377687165922,0.809145241083678,0.82734467795812,0.768360252429913,0.824011217001259
8,0.0740414402324692,0.0329050174882795,0.0352242364670431,0.266432194470715,0.19914405462137,0.211183100140441,0.913071687360377,0.974005936556449,0.986116810933028,0.841832131035195,0.984053663846833,0.903190007750198,0.0604095447903493,0.00481278826929853,0.000332060562204059,0.021332287908842,0.0202789497522346,0.57780300177682,0.0162639350276853,0.180695896168665,0.0224428617004781,0.0118303193867083,0.037463936668911,0.761402545397876,0.0405841030272149,0.00989143905463613,0.0263470457001019,0.0409997641274727,0.021633456022831,0.113283580079788,0.00418606654268098,0.0463880680174133,0.158257315902089,0.164303363283722,0,0.656109631548924,0.104484205069837,0.00924573032286213,0.016836995325379,0.86532268376574,0.0373859624975061,0.0969053582129983,0.0561170263090451,0.46976309898634,0.315105191517152,0.171677299370994,0.0716998698572779,0.86562722227258,0.281571615315183,0.0625521262722279,0.0889494254680831,0.603760178798901,0.0801300075625016,0.838153842231647,0.30058177436053,0.151008866956917,0.0131240972812258,0.00592726822010301,0.479172136233453,0.992708703537008,0.893836694028522,0.0149032039262325,0.12861226968301,0.937213839639864,0.0102180568466237,0.492422452494893,0.104875525889729,0.234237559196252,0.418904022901686,0.00181682572544086,0.210713150848978,0.902167162167031,0.971932912551286,0.986665194346779,0.973068276146513,0.00666242577431503,0.421625371164418,0.573022710063481,0.232763501289897,0.0629563799891531,0.34875462150768,0.00656594344023149,0.259200687231369,0.979367298994783,0.924986822066894,0.921754853396031,0.97700135444547,0.944481416440518,0.888049009243272,0.935079292224656,1,0.848017745101519,0.856476948082428,0.956156501815715,0.744770410384206,0.802237142266559
9,0.0543079345663676,0.030511139270161,0.0221443991061528,0.241407479386703,0.176550278172622,0.188429364395545,0.887066634666592,0.958683839772324,0.954029904104822,0.821069191602987,1,0.872244999948716,0.0630140274322583,0.00949039508045957,0.00155564086461643,0.0181459969204508,0.0149808968678099,0.623761065697258,0.0117883305264908,0.125499377235194,0.0138709768118768,0.00860411496302959,0.0874073977156539,0.768183806110656,0.0463664706684876,0.0190219465652313,0.0255076121172264,0.0358461786325001,0.0121479639045885,0.110844412507801,0.00260254112012563,0.0322340073075974,0.265498228126405,0.118449991317056,0.006439569445308,0.595244944838541,0.106116236651671,0.0166075595539806,0.0171165336379448,0.79524121264251,0.0629777920947177,0.0625188376505677,0.0377770040138796,0.450643057979607,0.440429246036797,0.124105842659074,0.0792684894523286,0.865702014939721,0.297145569081005,0.0682252207960283,0.100174448297216,0.584108927326124,0.0540425643585346,0.921168110689315,0.284931681094169,0.213327070958306,0.00731214750865969,0.00396867120640051,0.497163927208761,0.995093381852244,0.862926653798728,0.0203864507556465,0.148939201589516,0.860989463816464,0.0209209215057916,0.47931218439942,0.0909396956986706,0.47547725250669,0.39699723324109,0.00193786423075368,0.15208654008974,0.838673914770174,0.978213371351552,0.992032366412888,1,0.00298397741487631,0.354049268990701,0.636710286221996,0.247908179164365,0.0410578918193302,0.41080663725993,0.0133766132221447,0.166399780654554,0.948755752354849,0.950792311537215,0.993473299121689,0.981703172407862,0.954005605773971,0.904679624791607,1,0.979985065347547,0.842034144159082,0.906040580054674,0.913609294312679,0.745573755357493,0.807442685944515
10,0.0324618686319608,0.0291647481696491,0.0122428159701385,0.220601297834223,0.162310435224065,0.168200529174316,0.865807287223148,0.987326207938487,0.967318886277256,0.803943155854496,0.972980230543213,0.847793245629927,0.0671920384921936,0.010833779999285,0.00336315456914847,0.0154023731339731,0.00963621191153349,0.636354797453065,0.00728098893945612,0.0833800429721575,0.00711854270403811,0.00510586569937355,0.135206837784485,0.763548962453271,0.0483015344804376,0.012479992180221,0.0251670683283156,0.0402585022100798,0.00653331705734809,0.079416971717071,0.00121409070143166,0.0196405453462516,0.171400818970909,0.0797421475565966,0.0196671596197501,0.566451174943683,0.104255049649545,0.0139623294053544,0.0161987783841649,0.676940042054583,0.0936928521003892,0.0322721080470232,0.0227275757562008,0.495053394800435,0.374381511735145,0.0782293057455666,0.103416044251349,0.849615622157518,0.301210395388128,0.0707557707145987,0.0975876481002233,0.57737865895388,0.0319147291627772,0.88919717730758,0.262225747779675,0.213165174447594,0.00301314289522596,0.00209048232834513,0.51251288484101,0.964403627325812,0.814899895096459,0.0182129765299156,0.159867928529308,0.65582919968658,0.0350530977668363,0.413588318703118,0.0633611033392462,0.293297958770493,0.366540891087974,0.00340527868168281,0.0968935103174713,0.795165444302715,0.981036442555825,0.996372882289312,0.981752358861732,0.000405007179923374,0.25351006743157,0.686284356624753,0.204420836998215,0.0236239644264649,0.589649545512806,0.0226635888830401,0.114167351774208,0.922637565829074,0.966883096613492,0.930517836259485,0.954399475011616,0.929996828859966,0.885091299415976,0.968189909834872,0.929436789216392,0.821042095341964,0.930638866773743,0.832432087371801,0.76372394195314,0.810194174432039
11,0.0155462519358021,0.0290188503309765,0.0040735787814817,0.201505225491855,0.143702928869511,0.141456536139352,0.858375040711847,0.983534478307684,0.932465178304798,0.783558957026064,0.995981654951499,0.813635326752257,0.0631548616963538,0.00921683739667794,0.00386631932037274,0.0102995328335746,0.00480482825667187,0.545182380173315,0.00302930510986186,0.0500898801885659,0.00238034682390675,0.00183329962105724,0.154103027603964,0.727775226017648,0.043504320637757,0.0125500879213493,0.0257321287027719,0.0560645400237707,0.00567089130208211,0.0761073517692837,0.00021408789657562,0.00949517430461332,0.0963254402137706,0.0483393355543689,0.0247590377664761,0.527370668259599,0.10605511812714,0.0109966766953845,0.0144515248926335,0.736120937506694,0.12775152648509,0.0104392020956123,0.0112256274997919,0.438050405993086,0.13689130844346,0.0224261522327169,0.129101162822063,0.84086925845297,0.303417418748023,0.069368911283927,0.096391512797214,0.579109150755917,0.0148183155997057,0.828710918674141,0.236148362452627,0.170997584307073,0.000448651516052571,0.00063826076130784,0.531577687122829,0.937825089656385,0.78322352540171,0.0160921820700005,0.162162603271764,0.65099783514185,0.0521204218735707,0.459639729767877,0.0301841828496784,0.322325128358798,0.335457637954928,0.00721935804124582,0.141674242272239,0.770389298124891,0.970175611285077,0.999176458783528,0.956829255610062,0,0.237275477388134,0.719329894465647,0.172361964646798,0.010947188257784,0.69324921521721,0.034957904266428,0.105954824006467,0.921403734479594,0.992668482807736,0.925946963710831,0.928133929657831,0.90201917493247,0.834552197152008,0.950610368513919,0.961859689269518,0.749602677297623,0.946444624827936,0.881304127905013,0.682419437610619,0.778005578662587
12,0.00508473515171683,0.0313896312013966,0,0.189202763429776,0.136071084509591,0.121355947233507,0.873022433249404,0.984658458992073,0.956949993226173,0.787512593445443,0.979202440261782,0.79522362379776,0.0604065256914453,0.00701658259056944,0.00327905368441618,0.00432978518851588,0.0013074098125472,0.336745725956409,0.000207108904293289,0.0246236168691831,0,0,0.151115296438091,0.702077336507734,0.0374464913509286,0.0165208713325269,0.0256510226095512,0.0437816158446287,0.00485540982443183,0.0474471164322249,0,0.00269660638662756,0.121265787872139,0.0230683447417358,0.0283683163745521,0.506522289076058,0.103066391181518,0.00834611506973659,0.0135786992261356,0.804576879907111,0.162490784763893,0,0.00354584536891788,0.483497959322705,0.26983787691451,0,0.131681891577073,0.860129695310461,0.302596409094689,0.0690665566023573,0.0907173278293494,0.549292670863124,0.00393186916534362,0.806342093709911,0.21179501489254,0.0894727073767167,0,0,0.559607897555469,0.937042624743126,0.750984981900695,0.0112912690366085,0.153891513309937,0.67948875402396,0.0715043622984163,0.410558982622027,0.00739185871577343,0.415929372173237,0.275530731624098,0.0140499436010289,0.174724054554054,0.767154786490928,1,1,0.948522321309829,0.00262857468697693,0.245867342350567,0.734697195585886,0.208706637441422,0.00307659942623573,0.681305769637701,0.0510519528688041,0.245519937910407,0.959196125168416,1,0.940517606010385,0.928735865446233,0.876462684130794,0.832612649821311,0.936518362753798,0.960201468411728,0.789404127663616,0.940810707104592,0.821714205737324,0.714962672102727,0.771274104434356
13,0,0.0378061419426781,0.000902374916960078,0.168041816247513,0.114950741515153,0.104543285946985,0.875870523440525,0.937724909013186,0.928095001722617,0.752438602470143,0.991119328904476,0.768117568540246,0.0555062440554286,0.00455701004963612,0.00178537855700093,0,0,0.236838380557828,0,0.00689501357087017,0.000467213980599018,0.00102086167814295,0.0605079689611785,0.685325811140314,0.0295692576750801,0.00892784707609096,0.0244721699202913,0.0190281565776474,0.000767039148579561,0.028587911672564,0.00127639343444428,0,0.0486476597754177,0.00469869048526793,0.0203904563755927,0.442050551272843,0.0983208505425457,0.00818138091837471,0.0101869388690895,0.577857909801508,0.193604799821059,0.00117764520886007,0,0.427225080698448,0.0111949586245121,0.00645274616066467,0.0961202982534787,0.803623347710538,0.292015127728678,0.0641183726009882,0.0811148085069548,0.464916546351484,0,0.746966984029261,0.195282394076404,0,0.00229268906599172,0.000681012224630016,0.593772757826912,0.894934562428283,0.701293588167254,0.00348808565553236,0.139870270107955,0.34352928380802,0.0926213070895336,0.32177148603198,0,0.0792094708440357,0.213555448162814,0.0247432921959093,0.0591242044831923,0.750004579349356,0.961549200942358,0.998440196817416,0.852130453472346,0.00907897295887705,0.117203235025288,0.735855236541462,0.1907608863769,0,0.565959702744177,0.0715253082828667,0.147314061409658,0.960148718660135,0.970253735044113,0.899569271732325,0.904804772827924,0.863333910699983,0.819133596979623,0.936222347150288,0.895988448624802,0.709690700007133,0.882929681586181,0.698291035206256,0.682650376531385,0.738892308541927
14,0.0059908222343824,0.0573804491875458,0.0127340828711908,0.150345965507117,0.105452516957115,0.100011564028242,0.87004965182248,0.978026908608268,0.942013983416985,0.739088176798136,0.980571431338127,0.740808381082463,0.0550359670934549,0.0037087391389485,0.00239686855462532,0.000722347071663997,0.00294345070147168,0.217295867673798,0.00361466605830184,0,0.0040949565681309,0.00617281494706561,0,0.672783896357928,0.0210687474488944,0.00444363676349002,0.0235171792197461,0,0,0.00653781978294441,0.00490100054895057,0.00202959219574595,0,0,0.0234626670584175,0.394089683031659,0.0977803728102776,0.00481974616686359,0.00799943542972355,0.555451892831312,0.220589829599706,0.0125670461807377,0.00095354428177855,0.391794369997031,0,0.00649654030308302,0.0538070604402936,0.776211773932125,0.285324751746106,0.062056348616536,0.0852323718225586,0.481315066564071,0.00368846642787039,0.797608606547896,0.191709937893343,0.051489753669657,0.00817078492526545,0.00326479471910292,0.631909816263403,0.942404568948379,0.670269404652923,0.00339758308291854,0.135789093431121,0.37513115369037,0.11668091806749,0.349010106473671,0.0176191534612936,0.138353206119092,0.199816505271113,0.0401162788288309,0,0.749445789989752,0.93474883196707,0.994523601262816,0.791392552887148,0.0202349604205259,0,0.730379478020579,0,0.00229650683346718,0.496035064796472,0.0963975276000298,0,0.94188522707045,0.954579517992667,0.894940948723528,0.904061526106068,0.896282275660824,0.74121638671293,0.914358651903942,0.898103650381145,0.673813805105447,0.857932897245477,0.697938166796417,0.705896504582684,0.703881971960349
15,0.0348049638496568,0.08902454173288,0.0396367570411952,0.144333042452263,0.113056111774492,0.0963443022516498,0.859088800763086,0.988594913540452,0.993598736911936,0.771851791728718,0.960726157532526,0.709801751917035,0.0563841323359228,0.00558789890734692,0.00609600486414027,0.00841826126172624,0.0122488723996897,0.213556239420012,0.0121247606793401,0.00677755118569937,0.0110214794841408,0.0162452604795427,0.00934913004178716,0.669775207466074,0.015153275897679,0.000420026712594227,0.0242022133367523,0.00483749640134518,0.00840453749850877,0,0.0116310034456133,0.00914414039513652,0.0381444668739085,0.0147007092569218,0.0520993192772073,0.431114179097746,0.0924922146674873,0.00669363726415706,0.00909364067979213,0.535037471054493,0.244697376737351,0.032513292181496,0.00676514299459391,0.419181612260699,0.0625615849199928,0.0119332457732324,0.0241985138379594,0.804854607479384,0.284793779770882,0.0644433592845858,0.0877006809128849,0.512427959322622,0.0142670814924074,0.831547370071039,0.199673551747502,0.094578002505508,0.0180689437345927,0.00807336481684447,0.672031103965279,0.888879880208494,0.639911495759466,0.00802130445883566,0.143928736234011,0.493044591244047,0.143834010971695,0.345306775006494,0.0516578106316224,0.198143770029608,0.24111971696343,0.0602059028021863,0.0331666845410238,0.76581007191145,0.954842159286132,0.988027981475178,0.789210900742267,0.0366408658916246,0.176173298418041,0.723086090129726,0.0351204030306673,0.0101704129816429,0.476782302934326,0.124665136789861,0.193364362972492,0.929839944876082,0.986877304626283,0.958949521915503,0.930918622631058,0.900698359901729,0.709764820263697,0.985147961055817,0.939837201432416,0.780361811339587,0.853587190022856,0.749795480834437,0.693010298296374,0.705698792411667
16,0.0843427893240427,0.132343708188564,0.083648838709981,0.146762414002592,0.115963747250891,0.103920441601626,0.851741772272363,0.993885026975423,0.916854450233051,0.795845990213863,0.920197397038669,0.683559392955298,0.0603068774664181,0.0129371734794328,0.0141084499781789,0.0236367905427306,0.0288790191735015,0.227845639590509,0.0260209141993921,0.0251022185656292,0.0214067267623148,0.0321391817453057,0.0836115086824702,0.683663817214358,0.013179693709057,0.00853116648891062,0.0257046899579735,0.0345514453560432,0.028946843936526,0.0411006732232017,0.0219511438778026,0.0213031941174038,0.142644233657636,0.0511863928202679,0.105328735808862,0.506342918723397,0.100217688411392,0.00958265569975742,0.0121614175387801,0.573970818208707,0.266829100622247,0.0589891073657806,0.0175547578525852,0.493570386375185,0.128803686316221,0.064100461744785,0.0102095743498844,0.864774277556917,0.289569497414532,0.06668028064085,0.0879382890623674,0.541967213639901,0.0303235407555983,0.820981185744093,0.214853206263345,0.13127733905671,0.0322584778787788,0.0152412759797311,0.701983972403998,0.934473719829311,0.600299602595155,0.0141388975366278,0.152143002478022,0.550301140190881,0.172612763070938,0.356097586531979,0.0877179299300111,0.354147597311195,0.277152977564367,0.0845045044011767,0.102167931585388,0.801671809316318,0.987291184836068,0.978093031579356,0.759475115282304,0.0583420573124316,0.228257611507586,0.715739352187478,0.0701141698891145,0.0234050528981591,0.47017929707179,0.154814387860987,0.207834052558084,0.915749488328295,0.986124229582801,0.963747889203281,0.959225466950463,0.888700000773777,0.750361819115777,0.951217769194998,0.965032812405184,0.677780820181405,0.844079151117023,0.765017184633534,0.743402862304162,0.744150393562982
17,0.148536405490211,0.186076135500114,0.14348982005376,0.16399990123338,0.134698940618667,0.112232902584378,0.857710739278672,0.964624821731277,0.898722340778698,0.746630671134093,0.938862003559306,0.649979255136102,0.0668026973885424,0.0287042479757702,0.028641359463456,0.0455789001799335,0.0519498844925341,0.243328744447284,0.0450513875602421,0.0484884014580047,0.0354695493207354,0.0547915115470815,0.129598376412168,0.681425710177241,0.0100482530752712,0.00351664292242342,0.0256622585285928,0.0649741434744392,0.0580422230931238,0.0673773724372581,0.0360185987360584,0.0382612017462155,0.0492003170602554,0.106941796795431,0.15077247972022,0.533126247907636,0.0909186600743808,0.00643967648946589,0.0122270157962541,0.502056750992676,0.28743320763708,0.0892599873957591,0.0329397727441018,0.405842982889345,0.165576013026752,0.108031606829899,0,0.823786902048911,0.294257528152267,0.066068033245495,0.08202944523124,0.513917641721173,0.0507292728412589,0.816471589222985,0.233966545125388,0.137685256543294,0.0508497511488583,0.024776021472391,0.70228953007654,0.868126716928189,0.563134196051535,0.0166424456533119,0.151940841216931,0.304406635813125,0.201521220138631,0.269282525980225,0.117621486165851,0.322466795864676,0.293014027568625,0.112158081210035,0.127389970943126,0.820757066571589,0.953000490377372,0.964141718804711,0.798312654926485,0.0849899519566386,0.264679797942836,0.707350907212143,0.0676531202879069,0.041836520264187,0.474787064114647,0.185722849569551,0.141650958328377,0.919418677823892,0.947436635471581,0.918577285939404,0.937969197290815,0.85052700416066,0.628930253621372,0.919013069033456,0.920367498415983,0.623002841904475,0.823431848974985,0.724564936164064,0.674308256318993,0.763494370574805
18,0.222654751167201,0.248372564509231,0.21432450309336,0.198599608940873,0.175759887867894,0.143408004970539,0.89530875581547,1,0.981388870974105,0.803752217064125,0.965577141278573,0.629014928664032,0.0915244747631678,0.0567323291833534,0.0544576047927012,0.0769199284487023,0.0816194364957241,0.269426007755624,0.0689712727679212,0.0734412131340354,0.0533500902825438,0.0849749920939273,0.180053650527078,0.696366473447828,0.00675481820948693,0,0.0263840864997484,0.110429602731836,0.0945601709710443,0.106231789255128,0.0539750678988481,0.0598231461271307,0.0668080273666644,0.175819129526034,0.198605221909752,0.564688891428722,0.0985326108106309,0.00660757630759663,0.0125440226703361,0.868541342869665,0.307397437551973,0.121381819301883,0.0524580079959104,0.435043341613626,0.33280013251599,0.125542991052386,0.0103278552434579,0.874381519286898,0.29739425772033,0.0663185464791076,0.082861460892158,0.511559872420088,0.0752807754964797,0.8568118129822,0.255932481098093,0.180830565309048,0.0738476013511339,0.0369490656238324,0.677706409599164,0.992501294944138,0.534450361242473,0.0134046382722405,0.148210304706231,0.585696834223644,0.229504073289242,0.335740078452725,0.136622599777931,0.32777116586411,0.314555049682763,0.142506470651411,0.207023455040645,0.804968292838244,0.948894276943998,0.945774421212145,0.941894393274944,0.116005266499311,0.318316508810824,0.697367133753128,0.0956055993144101,0.0653364923789296,0.465681048848988,0.216769334294483,0.258928811461417,0.929674012781119,0.927934296936132,0.992074749536155,0.934213343211053,0.885080479196322,0.691830708363518,0.970429953164503,0.937208884261197,0.682294867569909,0.830572589866175,0.853792544179882,0.694015815984373,0.772192391307636
19,0.291562967720698,0.308760702297667,0.282611573438877,0.236938103479883,0.206152579314355,0.183565246535306,0.913567405225877,0.976407795471502,1,0.813860006246546,0.970284179584329,0.599468148847164,0.129451062126991,0.0967468788937419,0.0914053451016463,0.115720266482917,0.116351031943724,0.297615634769552,0.0972705468827269,0.0968675921413731,0.0748709478634054,0.122201414800901,0.144227105512353,0.715947429889701,0.00228974069355205,0.00267832838052605,0.0270895260791402,0.146494522387948,0.13328249410435,0.148778859203597,0.0757992543073554,0.0856359862593513,0.141269806810885,0.2432238486868,0.24196268227271,0.58916186682454,0.0960708788198659,0.00572334238212725,0.00760088520238945,0.64502472110115,0.326973602713758,0.154865318113971,0.0754746380269241,0.438024076906614,0.21319706776837,0.112512304762371,0.0331401691472568,0.835678312382079,0.292645482283546,0.0635806325230358,0.0794840488084078,0.486770359029527,0.103715713856123,0.803093691444186,0.279128392010478,0.147355735429199,0.10092054731981,0.05197162656338,0.639171134024136,0.860921688872349,0.486186455978024,0.00406263353246229,0.144452354588028,0.314853871526321,0.256206807115051,0.301636418523571,0.142267533395464,0.242763541212015,0.327220240224377,0.175193650139735,0.204338770102874,0.781297716375555,0.962822141478543,0.922585505990063,0.964222790847249,0.150328909977039,0.340542779223829,0.687092058582485,0.203191444141604,0.0930333720674002,0.346644974431051,0.247832455324624,0.119070587387334,0.930633793006574,0.913905483502304,0.886819889934896,0.912338398704293,0.917587991057496,0.629096055158078,0.90961892258414,0.928337801356897,0.592839139429257,0.839758011671326,0.72903918664392,0.722236568391829,0.722179925769323
20,0.349856979179473,0.361701447315724,0.342884474498905,0.260565533415177,0.23331896581564,0.212760761907216,0.90396614016261,0.95355684623846,0.958267168637558,0.832565189823185,0.956471659449339,0.57636647115735,0.182751872855152,0.148118365363197,0.140403209850269,0.159077148000529,0.155020999747316,0.335106072263982,0.129674206486712,0.117404886446968,0.0997164444545707,0.1656727159056,0.113524537231595,0.734096646052203,0.000809718086819255,0.00357640751180128,0.0304166714529437,0.178238534750669,0.172743953954865,0.173272138883923,0.101441351679934,0.115416014755254,0.212164554790091,0.303432831483444,0.286583179545414,0.626717439797794,0.0945533840397704,0.00523132945603672,0.00320038560948103,0.48568670268851,0.346943464296589,0.19112714509804,0.101425043502449,0.446755734436908,0.156399874038281,0.0742544989211415,0.0666152110709049,0.832996211596505,0.287428336052589,0.0619571838888005,0.0795640724919221,0.518307246530755,0.135728464966346,0.754499043139286,0.30483112061127,0.147366449028006,0.13163613380106,0.0701364486637303,0.600956464843737,0.91660718919703,0.44880188742085,0,0.147663346440021,0.327952217945244,0.282844881849263,0.33735826112678,0.148977239501324,0.229723406265881,0.353318520023707,0.21014092260748,0.230306302739692,0.78752312916963,0.973745646757348,0.89447972536938,0.890898821517844,0.187129864795436,0.340886085578649,0.680684128766182,0.206109805842689,0.124330931916128,0.265355684810473,0.279973793584014,0.28772000343363,0.921809122614956,0.942726154196245,0.94332458598594,0.924793335368008,0.920443156705119,0.606349644604214,0.901433692180889,0.92098101744936,0.603532238186309,0.857094977366981,0.78756032266821,0.713838723808545,0.776129023154921
21,0.403791363104106,0.408771852616891,0.396270396294171,0.292914081368053,0.256334777024866,0.238557070246525,0.883397851313457,0.917414056185037,0.920168877376973,0.809157438073971,0.92589033288076,0.539617524860384,0.243226603646272,0.207932369496848,0.198810281804689,0.202737780466773,0.196128471748858,0.368659229675001,0.16556632277627,0.133804273201477,0.127647084407343,0.214289547420819,0.127300857686365,0.737789233256247,0.00366820593077716,0.011801832288378,0.0367575035126806,0.216802994252458,0.214052083761763,0.215758422195032,0.13073995322121,0.148759348189258,0.235574221745877,0.358166900836673,0.32901546207067,0.656344197803973,0.0936520489995652,0.00513200448209861,0.00175897775376528,0.669801258517244,0.368285283982365,0.231720437519243,0.130017699509719,0.459725293060058,0.138155319437777,0.0615934944195672,0.112153962554284,0.838432424970693,0.285405841774533,0.0617885480273615,0.0824903992339027,0.598072287337731,0.170420746307407,0.714913029857867,0.329036126141309,0.226551016657743,0.165451007929852,0.0915095576714616,0.562179933296531,0.961624444810061,0.404869223107679,0.00302240172455653,0.150229025944223,0.696798514860535,0.311041899955069,0.442009324268878,0.169094283915052,0.363451396406712,0.394403362020739,0.246994024433673,0.28122162360818,0.799581341216933,0.94059631354561,0.861636183947743,0.832321035703446,0.225617278231493,0.356056206696937,0.680656410801577,0.22984832587842,0.158672162692812,0.26394381714012,0.313822728370184,0.229609342688515,0.91347669640929,0.895118135559527,0.937758281409078,0.947740587744984,0.911675167574205,0.587442320904403,0.89680694919062,0.91840695294469,0.594672854913523,0.883274342349959,0.817302967137446,0.700999250853861,0.79493804665033
22,0.456179795183203,0.453341686421842,0.448238982799386,0.332519045729386,0.296171927570915,0.272818531024774,0.890277132049026,0.928185844569635,0.919869892990167,0.829456401932922,0.938553057805211,0.514288865269557,0.310438147095716,0.271980448450172,0.262178418053382,0.248201707037769,0.238055734375023,0.4061818401665,0.204506866407445,0.146035966990105,0.158408899566144,0.266875634055489,0.245458720487951,0.742848756422424,0.0136524087471166,0.014825560071418,0.0477050857390139,0.263446862513163,0.257713885183582,0.235508495015882,0.163439069651158,0.184963053790643,0.299676494774761,0.4115431489142,0.374409457311792,0.713303525195188,0.0860255936167291,0.00481684768356834,0.00419981533224345,0.439011762902636,0.392014482967675,0.276185931876085,0.160889377309838,0.443685342578952,0.175897825831555,0.0922868460532778,0.169008019976886,0.842278093345205,0.286516316211924,0.0611332468581344,0.0857917573113111,0.606394491712747,0.206688499326397,0.680341736100808,0.348325813661023,0.249758920785378,0.201725540100625,0.116132289021589,0.517314033027448,0.983174821006576,0.371202712122293,0.00814348379088418,0.148185028379113,0.391530734644911,0.341580794725184,0.398577576263194,0.20468858198119,0.441354492199374,0.440785241922137,0.285210163119668,0.282932651811823,0.821016946295797,0.942300230400728,0.824453309599942,0.813281422652286,0.265192456902891,0.405808401955791,0.686894791149847,0.266696273917056,0.19547265087648,0.278705688933207,0.349376902967041,0.347257461019852,0.932993290889779,0.895172225163314,0.948906316233788,0.956229610370645,0.929972049498126,0.52511625545392,0.886529350078899,0.930941788731893,0.511820389278805,0.893058162938734,0.854103772419943,0.805822762498433,0.80932736335986
23,0.500879043761341,0.495980036416932,0.49745268855234,0.374559967383526,0.346247600122431,0.321565963707812,0.921636784404409,0.976917302235223,0.966498231386339,0.854540152911176,0.979664829229977,0.490981665924715,0.371818404377281,0.33545325788078,0.32600368704971,0.29473737732408,0.280446444252252,0.447506398502129,0.246174445114637,0.153843385382044,0.191683114137588,0.321989333876272,0.397507368619715,0.768696210067366,0.0371902427849506,0.0313010736493561,0.0671534150388219,0.305905968651893,0.302935411914,0.29745221177915,0.199210892128686,0.223301343055728,0.257389994873616,0.464785782470515,0.415146133013763,0.731331938813936,0.0938760310944422,0.00903680304123674,0.00924887194528381,0.599957207178491,0.418895621071231,0.323117585718469,0.193857624703687,0.472087958773527,0.250952005750909,0.148359713077742,0.23509968405005,0.89686782244209,0.285756612343563,0.0626709460877828,0.0808624809401967,0.557343426956964,0.243743593561612,0.736259530098092,0.361085727116468,0.215445854086581,0.239831832432872,0.144050311187875,0.460961388758446,0.923996405101409,0.335456505931906,0.00948448403196465,0.141980415074896,0.487456463723161,0.37478184284404,0.405881853808483,0.25244432131317,0.519566037520174,0.484636347771779,0.324135201508065,0.304867906148634,0.84624067995256,0.946103581335455,0.783566660897522,0.791878407804467,0.305339854471476,0.491339368649009,0.699293316495527,0.330740794800371,0.234107071867635,0.305750745062412,0.386210368581555,0.37253363198344,0.936234614673985,0.864306649305854,0.906692465426181,0.97680666242741,0.952505995695463,0.538860528256525,0.900728864609612,0.930752201480618,0.528195958412361,0.928089543471735,0.907691837624849,0.788744318992699,0.825275645335915
24,0.535279135871038,0.534335535185797,0.5387404462865,0.410531924332539,0.382413804097733,0.373446151785204,0.934377295987094,0.967894357843,0.98394766300266,0.88642899828711,0.976840781911364,0.465694995885799,0.426284949078702,0.394449893297197,0.385849092480253,0.339013013771811,0.323556746139757,0.485322007455943,0.290442428147835,0.159236084548197,0.227349917096414,0.378595703053808,0.44097085072793,0.794881566531297,0.0785888447945773,0.0578983437213233,0.0983475472686654,0.345215036501883,0.346995442412251,0.340443189151478,0.237704743004953,0.263241610331661,0.234657268217484,0.517594491212992,0.460760039650727,0.755381577577256,0.102806801975517,0.0123311080631627,0.012138263255274,0.826846967033799,0.448766398578759,0.370787868644627,0.228980500921769,0.581792578411516,0.237730112913143,0.186805241773063,0.307880134107377,0.868460502684312,0.28438836619173,0.0633239946791755,0.0745310064898672,0.576506100821063,0.281601150121553,0.814236835099159,0.368137335202339,0.254772019682802,0.279576967113044,0.175375886443816,0.400958493575614,0.906330300638025,0.29744863253212,0.00740342771585437,0.137295363838828,0.62349602105894,0.409982261457846,0.550468011617212,0.305171885608245,0.548986297080191,0.526322514161319,0.363300407554852,0.4045136296547,0.862003993559467,0.921710921803588,0.739507612385345,0.707013896241293,0.345759976185631,0.501104218062669,0.715434678394292,0.358929725256525,0.273991376446362,0.303683744813911,0.42404852055948,0.289425761730249,0.915957280175588,0.855747208758402,0.91933623344908,1,0.913753271285664,0.479197855882835,0.907238556168395,0.915004276444534,0.588110852225174,0.948413389636947,0.926273247863174,0.876270178868384,0.826130616022382
25,0.562418354879581,0.566602461664799,0.572797001727363,0.436295873643826,0.408144906266235,0.396027488888373,0.902786884054631,0.914228928247277,0.955241359028719,0.87599746789398,0.947009960704506,0.429272342889001,0.476330510196327,0.447334714244676,0.440324136112928,0.380627669096746,0.368201175296433,0.513295792083502,0.337098539986708,0.16469481102181,0.265536080022511,0.435976098698649,0.379379135741095,0.799297356502338,0.136744634861434,0.110536022685026,0.143693552356737,0.379718353093617,0.385796616198405,0.374947174799432,0.278613029015173,0.30437786239172,0.25698174469596,0.569404300144151,0.504966086771174,0.791455424931116,0.0913722346267872,0.0114697895875452,0.0134255389464332,0.583840950199742,0.480659774441557,0.417416156752786,0.266074882007914,0.516306188896338,0.252327028836289,0.203752093126854,0.37335585765711,0.911763788536119,0.276510715661698,0.0577501040054899,0.073764724243235,0.610444501700761,0.320156266434909,0.73576015885229,0.369732188076312,0.263631274594047,0.320822267159731,0.210217134119097,0.345295878877398,0.896063003226046,0.253073450000014,0.00342600982512947,0.132639708085045,0.631108763400919,0.446560887012989,0.512390029861475,0.357002676429452,0.581715220175727,0.543526930163057,0.402478615982226,0.423926326401062,0.855043649006907,0.881889717153404,0.692867933238177,0.556451170195337,0.386330882393733,0.387929184496342,0.733054190866593,0.389488512760724,0.314908174749196,0.253026355678835,0.462709552384099,0.28515801641463,0.908781710335246,0.828009402274827,0.905077860782395,0.962333639259171,0.905255523454752,0.457733046234425,0.9013276828621,0.83780286164859,0.570020534634353,0.957811372293197,0.831823179605055,0.857613047206252,0.822339211230554
26,0.597586703917372,0.599069267734024,0.604471522598951,0.457271302136801,0.446834236534045,0.431740100774115,0.881611795134991,0.89788019667541,0.931787843498671,0.835530980525614,0.941620204563399,0.398210075530232,0.526868381747971,0.496022686764878,0.490932961696851,0.423671494681431,0.415327646992981,0.552726489643727,0.386232443410629,0.173897798107223,0.306375000194216,0.493583191689783,0.369501729089716,0.801690656944288,0.209085228549651,0.171643562919387,0.204290625407529,0.409522563934179,0.423408014222959,0.41208687634456,0.321638873801466,0.346696484966481,0.316066994825507,0.619101892464907,0.555649405680438,0.812469518828188,0.0983074171555205,0.018590584056301,0.0176581163803727,0.637123219987621,0.515188522827836,0.462871558131527,0.305042435617475,0.509494650655811,0.219297275066651,0.229306268407081,0.442429925136001,0.867324702069968,0.272117109577545,0.053983066551729,0.0743578360192945,0.611121208757323,0.359376002706613,0.729392360497691,0.371035150927124,0.282117001260994,0.363566411590042,0.248697874796199,0.299965887961455,0.879755723618108,0.216568200599134,0.00595277428751634,0.1320758405196,0.485484864685297,0.483956352564742,0.434500198105241,0.409402448538209,0.411151113108264,0.562431217031234,0.441849870538071,0.333000404168417,0.8575282710295,0.880944335589365,0.644130457043881,0.441083469631999,0.427069234443636,0.381119310476256,0.751911093571551,0.375486732981575,0.356794985944466,0.210140205316716,0.50204070402631,0.282758615010924,0.966060120866944,0.78772670857885,0.876339047857409,0.930544511779551,0.89553929198268,0.389586543559214,0.847699494869889,0.863233796617258,0.454151147916251,0.966048377246645,0.858890558348095,0.882589804580175,0.831096764064983
27,0.637348909493049,0.634488437898482,0.635410950455922,0.504415702162516,0.497495864796986,0.481641848527989,0.902919187626515,0.98974884535554,0.987545491963476,0.937438895804044,0.9595554858004,0.374723484086525,0.570893862781928,0.542165347538362,0.538094501659377,0.470260989993992,0.463987519412017,0.601185514538494,0.437360051855635,0.18760661025006,0.349742051429661,0.550200652279946,0.435203618839778,0.821705021556285,0.28876484270986,0.255377289050678,0.276372575170619,0.449399101032077,0.468887972750243,0.440169392399425,0.366496624484883,0.390227320844275,0.419017578541144,0.666964489150242,0.614811270553429,0.842917525481166,0.122085628303737,0.03913036771487,0.03074527283722,0.899244010438483,0.552425228778279,0.50674798758879,0.345885971649545,0.566403668605452,0.308340412556411,0.278719682549353,0.507895909489304,0.894668756141895,0.272306308214542,0.055274153902953,0.0852319095307301,0.660251967635841,0.399056126468194,0.812775677752949,0.377228012336242,0.362517750584022,0.407668198609977,0.290694240769171,0.275330397042988,0.905864966213038,0.179462249255812,0.0104116728735694,0.138758994912826,0.617022418308045,0.521592289444125,0.56079280838882,0.46256284279093,0.540485657870173,0.617100613753456,0.481588738493514,0.465232120106269,0.884067244307676,0.880772540849087,0.593819241844354,0.410952876734846,0.467858265969885,0.519206064111293,0.770831027899772,0.447316384307767,0.399415363340101,0.170222623637287,0.541391225841948,0.411995626485275,0.972807401214755,0.788382677042501,0.928889129049395,0.975699259009563,0.926047999386442,0.409527781827368,0.876835767721871,0.887710839203516,0.585421917328564,0.966570111272277,0.993781801579799,0.879488468509261,0.875951385166302
28,0.664619032607312,0.665951998653407,0.664140588290248,0.53846555778797,0.528570723851479,0.518344217443802,0.925177099536679,0.920309575951201,0.970739458225242,0.929259282884645,0.935092572127789,0.34466689997742,0.612427936662691,0.584685359119841,0.581657077686852,0.518465744601195,0.512339751772985,0.638266582389062,0.489708500070229,0.202723421615748,0.395253278295991,0.603937668612848,0.513955875718957,0.840103259917015,0.366936004786775,0.336207917600747,0.352438498114399,0.495005677029678,0.516452339192122,0.48354992226288,0.412854744529705,0.434822787589825,0.483518978293726,0.711455355177437,0.657119628780431,0.865818941917552,0.148050526047666,0.0701493174408849,0.0612036329032651,0.776618875202797,0.59064363781021,0.547280389458407,0.388465456893534,0.63747124032694,0.626739301065174,0.343502584559871,0.538335505147715,0.914616107366702,0.273384306084068,0.0606495555984635,0.0874332559173039,0.708622282638524,0.438579911910547,0.84096061904581,0.391749884822039,0.409452756197859,0.452608309395983,0.335851492342653,0.265282087482587,0.923578945595522,0.138613218945442,0.0122570364519573,0.144301940088186,0.747240810623203,0.558267309030384,0.622356430132857,0.504199657758366,0.856852326795872,0.668959965967126,0.521625435568328,0.484326470245247,0.90977723274432,0.884317060820016,0.54240123712048,0.43068865532593,0.508552266437986,0.617075383065359,0.786724363542204,0.467447023451013,0.442310225345939,0.161401280828936,0.579609833504998,0.430238379411092,0.939399603733408,0.805076144296107,0.950456148858316,0.982346005979219,0.970140731044213,0.411023625084857,0.903330390447246,0.869278516021171,0.59126678501162,0.9523452075279,0.967048166884383,0.881577880871308,0.871951945852929
29,0.691313961173282,0.696026848695171,0.695074616381872,0.576994295285711,0.56718636001528,0.552459662879552,0.931978049952802,0.902258802735867,0.945733133591354,0.895342341038045,0.950242960750544,0.320753658966575,0.64970920393061,0.624381176310221,0.622284965217531,0.568015047478247,0.559946002279302,0.674659749591706,0.542590485999683,0.216666713845068,0.442586325553406,0.653679546813931,0.54546902881923,0.858952913087245,0.439647213210506,0.408022999287844,0.42655989597307,0.545625177133347,0.561094317512196,0.526431643691322,0.460274950292456,0.480078708500345,0.511125689873187,0.750508794915404,0.687747940120589,0.862112347979132,0.19229979360746,0.117223581804193,0.109509039236514,0.798135228809192,0.628031909124614,0.58581773312956,0.432723317020651,0.683603603421274,0.53887993962128,0.422185072887493,0.55870192119128,0.925454511490329,0.278988428712594,0.068217526070217,0.0922095220851898,0.732148125335375,0.477831551162634,0.835189113889199,0.416320528278753,0.451830986505705,0.497927946527807,0.383816513456657,0.261155386772993,0.936047418603839,0.0982361052977904,0.0178272013843598,0.148728174593363,0.651929329541994,0.593611053792067,0.503642190197299,0.530911279698848,0.873820081801,0.687817619557777,0.562029403859671,0.49265719183268,0.927294251480952,0.877285163774025,0.490482549429533,0.461485797514286,0.549183941347309,0.544463508868443,0.79876288297434,0.487297291414302,0.485312975646243,0.118610867983824,0.61607291167695,0.453471009156201,0.937714082768392,0.765287245703927,0.950706224608147,0.941655097703859,0.928376174224573,0.372257840645412,0.896495034318398,0.84269087271506,0.485273468124609,0.947088850081303,0.933984859711922,0.892534699430335,0.90958545426296
30,0.726875176352888,0.726092193206336,0.728051926248182,0.621509801102974,0.616680723984652,0.602305457891597,0.932688508150124,0.94674710004998,0.949179495990195,0.939596239296614,0.956719946362913,0.287534237481486,0.688817665989502,0.663770137124282,0.661830136618344,0.618460903680977,0.606373016504113,0.715487644393772,0.595231454468091,0.230091861730403,0.491479622829597,0.699004230715963,0.600033026214127,0.874476584717134,0.50737172161175,0.478584906337865,0.495378952548236,0.585198926561791,0.603756624877963,0.5635062771181,0.508252714764001,0.525799695185736,0.520523903326432,0.783148116379479,0.721636846093044,0.878883805030476,0.263440858693536,0.187255683613495,0.17788081899169,0.822564225478237,0.664235049594342,0.624965785485199,0.478632255384268,0.713179222444404,0.479823289629119,0.512045072938807,0.580333961414026,0.924973818370324,0.290048926972933,0.0827695052577483,0.108568473820405,0.731123888347321,0.516830149500389,0.820726721588815,0.452870958352932,0.409889004963007,0.543213916255713,0.434173418200902,0.256994429611525,0.897594741929713,0.0790778398746873,0.0246804743410175,0.153689369695922,0.548827982596297,0.62790264474922,0.595987598819088,0.54952257672064,0.847589292050698,0.687452983375424,0.60271174419189,0.689906093153713,0.93849000133811,0.866584638787148,0.438905883986442,0.416717970829244,0.589877042849527,0.592663917739653,0.806900415562973,0.512398617947013,0.528677758282509,0.0830964148011461,0.650962035288967,0.48550249015029,0.961157609871468,0.763424300457847,0.86852078712542,0.914455345730882,0.89324506272366,0.283165862863082,0.904012211897494,0.80958056644481,0.424914987556164,0.954923094248293,0.985394718500641,0.90624930898483,0.920633687755249
31,0.754608156968989,0.755481543659779,0.758814384073573,0.661043761466946,0.661880125537154,0.654001474829967,0.948981129197832,0.959223465479588,0.986426782045894,0.912500328974283,0.919425072835061,0.259314052288383,0.724599721090968,0.701878400903992,0.699595160550515,0.666753120531889,0.650569983360848,0.751971756665488,0.646667075163482,0.244223619616625,0.541491002390758,0.739702700800393,0.688197220812187,0.891997834859432,0.570571009777922,0.54482396424221,0.558285752995297,0.620495593027297,0.643581894650986,0.60671214984307,0.556579786867663,0.572072615886983,0.482593450199006,0.810229963063062,0.75699162614935,0.891333057706802,0.338427733002064,0.278643070664756,0.264680843539088,0.899122327932127,0.698925639761081,0.667251497183668,0.526023532308658,0.722101606414722,0.64517751244512,0.546695512002648,0.622709822901753,0.940040846033914,0.30754127513603,0.113903181781683,0.140773214350981,0.749140983932942,0.556070404682705,0.849259889834009,0.502226151141609,0.459825548210477,0.58823436884365,0.486522000312259,0.249485941060972,0.892387502682205,0.0453371359754187,0.0376229800352576,0.162761067264223,0.775129457839673,0.661976166749898,0.622729006399657,0.568788937102721,0.7471592903023,0.688845173036512,0.643417988336839,0.766919107652251,0.941645986431289,0.862033373828856,0.388321222832217,0.337260487813931,0.630793900637099,0.615624520221969,0.812527812883564,0.578642343236707,0.5726749822099,0.113247408358916,0.684932702257387,0.381648005831519,0.985803984487879,0.734277565405376,0.883632149383495,0.921130925814124,0.907307590236001,0.306766111918913,0.898185074157719,0.8319774183822,0.421284064041409,1,0.982801599513799,0.980407095200586,0.923804472210256
32,0.779657401177523,0.785279911935847,0.789203343987772,0.701099934977272,0.703504138123815,0.700823469973392,0.956059225423716,0.950216102679608,0.952971261553024,0.963625331985508,0.987788354280666,0.23179612536911,0.757431343069173,0.738007812263987,0.734930593279657,0.710662039872025,0.692409768660842,0.78305776576086,0.696072530480831,0.261083509911167,0.592242507568039,0.776092458935265,0.757518933758229,0.908933129342369,0.630484449040294,0.608349121863472,0.616994809531002,0.662477719395523,0.68391844313382,0.660955453594233,0.605237088865517,0.618999732489666,0.51722758043691,0.833909427717219,0.794144022956484,0.890331056819201,0.437135429111524,0.374974492665409,0.36644264452083,0.959515302176365,0.732040209441122,0.712205983236362,0.574645904055189,0.748827875592452,0.620635413674597,0.532693541928274,0.662513315396687,0.952094069762253,0.341620803749306,0.169502229334772,0.180554533869847,0.792461451616997,0.59661095796246,0.85368071741919,0.560933910051433,0.509275746014949,0.633067286226857,0.540506650774707,0.234274419734383,0.92768879119234,0.0251566233893647,0.0672368888025403,0.188542436883288,0.580933227506695,0.69661249967584,0.656365982167704,0.600325520523365,0.766317650870002,0.70614517803567,0.683894484063674,0.820256122580832,0.940403526555774,0.856001397977349,0.339085641198326,0.283962078630027,0.671860395689258,0.692614933047087,0.818922701640008,0.657544812778022,0.617473669384975,0.166292854537331,0.71834230822332,0.411925802544646,0.990446782607465,0.720971357017336,0.865105274158766,0.926861485809451,0.931319067799046,0.26325002941739,0.892512136566713,0.846356043424448,0.437149111328256,0.99763879120113,0.98411666059006,0.932078213703333,0.928991384938532
33,0.805205479174409,0.813537562685139,0.816446542680673,0.730784888669273,0.746802367180917,0.731513420509483,0.95073204029904,0.878045402917243,0.891381560849263,0.940738236917354,0.907607475629654,0.198110728656785,0.787080265652924,0.772803031313959,0.768914773926495,0.751914771914964,0.732837052641792,0.813843547454876,0.742838975988198,0.280935128734617,0.643462763232583,0.809278950527261,0.750077649762079,0.906910931026635,0.68715639094812,0.670928241887323,0.672439557910407,0.711080919720925,0.72721633209771,0.697658074428393,0.654163350546516,0.666531917431112,0.561482858646595,0.85546702603621,0.82754875814112,0.908997127671317,0.527250081780424,0.470440162794266,0.469926180362198,0.692626753089509,0.76361644534209,0.757512757132661,0.62440385066767,0.81697294771938,0.504897987206214,0.487900859089937,0.700326588390692,0.93961864110716,0.395482845168308,0.253010181814963,0.24810585396194,0.832828058226829,0.639431236094885,0.890983353367157,0.623282026701873,0.547125322080107,0.677904280427792,0.595919041168519,0.210936131055797,0.89144956938824,0,0.123337294269892,0.239469998839747,0.56651567595991,0.732369802912891,0.74335185681728,0.64482755354818,0.807094586258398,0.728772226243589,0.723920155701921,0.820014132368293,0.949993998217371,0.87158493659902,0.291249016411366,0.253508458986696,0.71279352435842,0.765157244723505,0.829184953133185,0.699307802860367,0.662893298753641,0.116780959086602,0.751096782223878,0.539331799437973,0.961798780019871,0.709640408837713,0.843970371283275,0.907423795282034,0.933691383809178,0.214027282150083,0.86610740218852,0.796287960720066,0.44211841448923,0.950531472850884,0.960075510108801,0.936441162003337,0.946510357356481
34,0.838545325564749,0.843987675369744,0.847214225286142,0.773102430882501,0.79523850634953,0.774141743089398,0.97018982109386,0.928280047609276,0.927410711097072,0.957101571127755,0.948463336826625,0.174558588635372,0.81661099088316,0.807974983504404,0.803808421843372,0.794048495897042,0.773059278881093,0.845785411079446,0.787024181219858,0.30213413182115,0.694983931368867,0.840571627537929,0.761526941051516,0.915527511703863,0.736709508167539,0.721908188841792,0.725060084353606,0.760605295178721,0.76999460243589,0.740730319904149,0.703221567483087,0.714412860021663,0.593772039041763,0.875810889321445,0.85053859343196,0.940704799957974,0.612505911555669,0.566791617260711,0.562138114357135,0.956172806383075,0.794156344632863,0.801307386627816,0.675366115724782,0.81946017000327,0.636172254518799,0.492190104038278,0.759592383220837,0.941785729472198,0.467863750628529,0.359179525219026,0.34439151569027,0.847837754779583,0.685073573677669,0.869425906884049,0.685448409502126,0.586857407431763,0.722864119424356,0.652516546195262,0.185536441049086,0.798131555073373,0.0244705265824159,0.215022707391926,0.31854247318934,0.710428372257068,0.770118813323044,0.773999902174663,0.696167627084569,0.951842529740409,0.736792452904322,0.763743755690448,0.840679306500892,0.961823380153225,0.892713994679175,0.2450356525165,0.200066982789527,0.753529234301113,0.659652487336432,0.844523684000112,0.683464655097139,0.709261936269415,0.00607128119001766,0.78359412986647,0.455414416451247,0.961437821907789,0.652313831151892,0.781170887557803,0.88660590195421,0.9352742223177,0.133695201935931,0.838059930114254,0.728944666598141,0.301486149479859,0.895159507186914,0.994956495015165,0.942914347417119,0.941461849162004
35,0.867430770961423,0.873014687679767,0.876550468636516,0.81683061031895,0.832635954035923,0.820774545257696,0.985968040949695,0.949832135360756,0.958998991600225,0.984276996495139,0.942713136215762,0.147489693890739,0.850283429185558,0.843720209215327,0.839586068813951,0.836963009533761,0.813335822047334,0.882325151967986,0.828741150278264,0.321357405916633,0.746536437022335,0.870744065763301,0.829893701859317,0.935554067477025,0.781841811717243,0.770477626033894,0.77603366102857,0.810075027921006,0.811708469204255,0.782832098222195,0.752352168982062,0.762328650185819,0.679281307614836,0.895986649259589,0.874827513407653,0.97715000331252,0.690744844244036,0.652794087621314,0.644145981325476,1,0.824382807196725,0.841762296717856,0.727440164341898,0.833663861434061,0.685383638486719,0.563466568071412,0.831037784651153,0.972150211963239,0.556920966528795,0.477964281800731,0.468144601173148,0.872291477653156,0.733558897996176,0.958249180607753,0.744373155237104,0.623533536707385,0.768069454783246,0.709947467860442,0.158700059858083,0.877806548132415,0.0608652013179354,0.334408441447927,0.416495386316755,0.561619364824985,0.809298565256878,0.836623974087452,0.746421052037289,0.941381477683861,0.744988945904983,0.803482628554551,0.832583016041614,0.967301057672678,0.876243355136795,0.200579893895624,0.151336063843207,0.794409130245368,0.611065535000075,0.866663302005381,0.78825567981524,0.756934198903121,0,0.816768605625166,0.441433980820075,0.987956415132151,0.639956853584781,0.835638648788735,0.905360149812279,0.962973018533394,0.124660890062713,0.867717361159572,0.736924722737089,0.349923720371176,0.901781373616472,0.952967371591722,0.982502396641426,0.957760703704595
36,0.88930957127082,0.897936478960013,0.903047249344255,0.856828161914584,0.875607486932666,0.861078183365103,1,0.915653160085441,0.96247895469521,0.983732648247778,0.947576960652794,0.123341496312765,0.883925313032066,0.878681866912342,0.874962580368115,0.878080503793773,0.85376863910662,0.917291925209083,0.867822060340055,0.336103368301959,0.797879739964846,0.89969242281743,0.923813776992283,0.963927248978158,0.827227082930307,0.821460369393537,0.824863366259376,0.857380613528749,0.852317083140763,0.819493048932499,0.801587910256566,0.810111123134657,0.720341237951648,0.91701245240227,0.90366776278183,0.973563634453736,0.759705423890078,0.727732455718143,0.720869307099557,0.763106298455772,0.855225106578252,0.878808883464718,0.780618003633167,0.89536318005957,0.582939826278378,0.65176291317405,0.902721899507309,0.981586575462513,0.656371998848212,0.596992333104142,0.59209592064061,0.890088952952831,0.784317388312927,0.983461538205699,0.798272484930131,0.708995937670548,0.813494290653136,0.76791576943698,0.129358351198814,0.851684517805905,0.114446848767104,0.466614205803042,0.525236481348995,0.816476369931211,0.848615640328905,0.846013312075935,0.791090961171283,0.770865382683255,0.765340924102786,0.843082050790189,0.839943547777343,0.947435190276522,0.867543680800462,0.157832355465275,0.0861073757429952,0.835481829392703,0.657828544087763,0.894409311293003,0.801980442747347,0.805581143246493,0.03263758042684,0.851231615793756,0.47755631459267,1,0.627716954227177,0.853957886817182,0.917495911929817,0.970458180055487,0.104709531038836,0.866591419391836,0.714400359040793,0.380506361540812,0.923247825031286,0.94741620598083,0.938198779786288,0.965692871971219
37,0.91276436515362,0.920779311644573,0.927583510225841,0.893111242414955,0.909663155276741,0.89033584439856,0.998408105958307,0.906479684690561,0.953954348282729,0.965333643551201,0.898332307469901,0.0866587719432765,0.913859060264643,0.911610535276691,0.90952203949776,0.916143139266339,0.893629006718813,0.950971193858785,0.903999622585508,0.345327196034337,0.848913731588358,0.926924967451365,1,0.990088882311562,0.87170471414008,0.86532877449443,0.871658532177327,0.897647330480755,0.894783493622039,0.885420234859849,0.850993477356641,0.8578132544539,0.737507666042276,0.93930911312658,0.938957160428282,0.975298690555989,0.828302181397563,0.804075140822353,0.792069954749402,0.981765988833377,0.888243220766426,0.913004540758305,0.834801198473158,0.930055289214209,0.763624312359462,0.745720955792512,0.964561340319697,0.94699407017237,0.756006404295576,0.709584763849066,0.706051188859321,0.894869033113594,0.836836950751311,0.942128533436375,0.847892210831663,0.779099856490992,0.859346912052738,0.826051622169494,0.0947394347628182,0.862407581801655,0.188686118666455,0.605756495606265,0.642338446165775,0.936749087363195,0.887585381480116,0.866127486851802,0.833030883106857,0.996875079973149,0.798599516705229,0.882443162804197,0.888681882454505,0.940442299328367,0.898246771979891,0.116651498592832,0.0225489364583408,0.876546296159176,0.774663282450631,0.92442931381831,0.85998509244536,0.854671522537947,0.0611892701678186,0.887076582539068,0.491946602669601,0.997918553558611,0.621188254397507,0.777093010790031,0.899902121428076,0.952696437765256,0.0641124612164874,0.834631910981296,0.707950586194822,0.259892257963166,0.9351300239227,0.886505468073761,0.959269798338411,1
38,0.942909310133723,0.945619328111195,0.951918846977567,0.929943888685896,0.94301949521802,0.933790227115268,0.989837278097973,0.878194220910759,0.908681065081302,0.969872789071358,0.901153312505994,0.0628145694499901,0.941834282059814,0.942371250186593,0.942515200779745,0.950349020347746,0.9313740895867,0.972557684124235,0.937607924283077,0.347610268441776,0.899532949739961,0.952443306834677,0.979851460001502,1,0.913575494092325,0.919201632654732,0.916019269262867,0.937009245324437,0.935661044675402,0.925960545646132,0.900559038314017,0.90533348221121,0.812470447807512,0.960905635534602,0.970958438413217,1,0.892415138946334,0.876969456194865,0.865203061414177,0.909492525463009,0.924015496297578,0.944579526965804,0.889612241852138,0.961894935499603,1,0.826156380570301,1,1,0.843809575510337,0.814724706853587,0.817125046369228,0.892087453578118,0.890681840639604,0.968727064512648,0.897231767330567,0.809235051038786,0.905873451519883,0.884138537035889,0.0618471410124711,0.82581605047564,0.268215554098018,0.738435520212396,0.762692435285246,0.779242890791438,0.925614636111593,0.876726835375026,0.878679764402788,1,0.809906698914319,0.921648820150415,0.915561914245735,0.949949854632726,0.897408438874367,0.0768660666297718,0.0256351602982124,0.917683171153903,0.855508688858929,0.95293264708336,0.898340780555801,0.903561698731523,0.148003877835703,0.924066559561633,0.513943899473145,0.987434542363511,0.60525525222502,0.79529497798396,0.921857226710159,0.953814581940219,0.01377168855186,0.833402078166096,0.753295310114527,0.27844405122796,0.937361805968343,1,1,0.962098882723247
39,0.972251814345176,0.972655495451513,0.976323185892904,0.965840596175322,0.972191526608173,0.969906391412346,0.982815950290797,0.838841202006011,0.890908536495906,1,0.90385322450928,0.0315448085105222,0.973138855790442,0.972065233980387,0.972251189116227,0.977952355823054,0.966623358571504,0.983862883005661,0.969308815732271,0.342459754669313,0.949840860761307,0.976723874623121,0.894506009326209,0.989436597663407,0.956430127057178,0.964090097204396,0.958629705027673,0.97498332071574,0.971133343499868,0.962735465500978,0.950250480691098,0.952698943612343,0.895791097610003,0.981289889487858,0.994068144922627,0.999399171252489,0.940626435721606,0.940459022663562,0.933488952590138,0.90752235836247,0.961673297730435,0.97297082170202,0.944762292407226,0.977977435089069,0.85082534156523,0.824668705380394,0.999470412128564,0.985588042817589,0.922737278985161,0.911370288120734,0.91462857665606,0.908398666550587,0.945246474618011,0.987487927840693,0.948010117554078,0.807462553587604,0.952879780108492,0.942095001668528,0.0296593758049404,0.838513490574277,0.32675969257788,0.867346662931108,0.882194840530139,0.745445700274764,0.962947066902991,0.952874998669819,0.934359695458727,0.9303394806627,0.867385042859319,0.960804750397881,0.945779425951368,0.967456715118438,0.901662212822059,0.0381785850401105,0.0157026971657507,0.958888269094185,0.900426810980952,0.978005424775156,0.952667577909522,0.951981196038692,0.187306915122864,0.961855988173331,0.474559867346704,0.988291667400397,0.631674748368274,0.768494587637885,0.939726177162894,0.97615762759195,0.0270623701725519,0.852101400166136,0.746398483471012,0.251184725132266,0.954604764529573,0.909403778822465,0.999809143988972,0.993690900010973
40,1,1,1,1,1,1,0.975478304475193,0.887928736628697,0.934733070810107,0.98514813577744,0.89324118873351,0,1,1,1,1,1,1,1,0.333638336228562,1,1,0.848480831347231,0.963138695425927,1,1,1,1,1,1,1,1,0.811429068433592,1,1,0.966175987122786,1,1,1,0.95458355833165,1,1,1,1,0.920849099122255,0.750432138249527,0.976546403160187,0.955543571233456,1,1,1,1,1,1,1,0.81491790127778,1,1,0,0.842803253421967,0.384143904673772,1,1,1,1,1,1,0.916404760398851,1,1,0.95245250162885,1,0.877954287638245,0,0,1,0.940800242019676,1,1,1,0.0786888700277272,1,0.482208163821782,0.974919217203038,0.613224398490666,0.739508330341664,0.889628256968938,1,0,0.853460883993037,0.712407261851401,0.317990940491765,0.983870809499941,0.882107414939932,0.960576382809584,0.994590524411223
