samples,mix,day,strain,s9,intercept,slope,slope_se,p_value,r_squared,n,max_fold_dmso,positive
abiotic,1,0,TA98,no,12.378755132915495,-0.010914199265182624,0.08255318844335263,0.8991418657619621,0.002904701253711308,8,0.8689655172413793,FALSE
abiotic,1,7,TA98,no,13.839853036524744,0.023017073697860334,0.059200871898977034,0.7108494689727864,0.024574620038317112,8,0.8689655172413793,FALSE
biotic,1,7,TA98,no,16.493084071752754,-0.005078884806570135,0.08648093031296829,0.9550755748707525,5.745068252919231e-4,8,1.013793103448276,FALSE
abiotic,1,0,TA100,no,48.45591095742381,-0.0948778906418848,0.11720218455416337,0.44911819987161206,0.09846665246285431,8,1.127659574468085,FALSE
abiotic,1,7,TA100,no,52.50983358547654,-0.17246596066565847,0.14876144562235433,0.29036364732192166,0.1830157401744614,8,1.2553191489361701,FALSE
biotic,1,7,TA100,no,53.40566241625243,0.40728333693537927,0.1695653715458413,0.05315527088540371,0.4901966779209466,8,1.8085106382978724,FALSE
abiotic,2,0,TA98,no,24.21795980116706,-0.003998271017938334,0.09634110807684314,0.9682429008521173,2.8697580536123036e-4,8,1.4482758620689655,FALSE
abiotic,2,7,TA98,no,24.282040198832934,0.003998271017938039,0.1106132306480616,0.9723381970572775,2.1771306499442523e-4,8,1.5448275862068965,FALSE
biotic,2,7,TA98,no,30.032634536416676,-0.02290901231899742,0.11906566060667113,0.8537708422939417,0.0061322103682164,8,1.689655172413793,FALSE
abiotic,2,0,TA100,no,52.08461205964988,-0.14880051869461863,0.13166881778347767,0.3015723141021909,0.17550176808778553,8,1.297872340425532,FALSE
abiotic,2,7,TA100,no,55.988545493840505,-0.11778690296088185,0.14389156083549295,0.4443130549883801,0.1004598781121761,8,1.3829787234042554,FALSE
biotic,2,7,TA100,no,54.21255673222388,0.1951588502269284,0.17505765496120826,0.30757691045259145,0.17159536684996748,8,1.5319148936170213,FALSE
abiotic,1,0,TA98,yes,48.288199697428134,-0.09304084720121031,0.1427467228140113,0.538687025587232,0.06612312789124383,8,1.5068493150684932,FALSE
abiotic,1,7,TA98,yes,39.979360276637124,0.07078020315539198,0.10812558426865877,0.5369889453990748,0.06665856659494174,8,1.3424657534246576,FALSE
biotic,1,7,TA98,yes,40.8308839420791,-0.11638210503566039,0.12403045743147627,0.38429086600257695,0.1279668474970964,8,1.2876712328767124,FALSE
abiotic,2,0,TA98,yes,43.396909444564514,-0.06008212664793629,0.1181127513430298,0.6291314425778928,0.0413436416042729,8,1.3972602739726028,FALSE
abiotic,2,7,TA98,yes,44.502485411713856,-0.021612275772638707,0.20315914755261108,0.9187477352480986,0.0018826024192194026,8,1.6986301369863013,FALSE
biotic,2,7,TA98,yes,41.5704560190188,0.08299113896693312,0.11326083528064028,0.4913373963144023,0.0821355602146967,8,1.3972602739726028,FALSE
abiotic,1,0,TA100,yes,32.58752971687919,0.1736546358331533,0.18481143415678866,0.3836766565659238,0.12827533890318432,8,0.46343402225755176,FALSE
abiotic,1,7,TA100,yes,30.25027015344716,0.21504214393775686,0.14062867208591548,0.17709567428550851,0.28042848390310365,8,0.39348171701112883,FALSE
biotic,1,7,TA100,yes,46.475686189755784,-0.8537929543980984,0.13404655798596762,7.034021507023223e-4,0.871158795467085,8,0.35850556438791736,FALSE
abiotic,2,0,TA100,yes,24.365895828830773,0.25307974929760113,0.1834837664284627,0.21700754100054687,0.24074442439276272,8,0.34976152623211454,FALSE
abiotic,2,7,TA100,yes,26.549600172898206,-0.018262373027879843,0.22585929450950137,0.9381850888814873,0.0010884644830582548,8,0.4284578696343403,FALSE
biotic,2,7,TA100,yes,197.28874000432245,-1.1629565593256974,1.8152664753207646,0.5454228820873267,0.06402632772722844,8,2.562003179650239,FALSE
biotic,1,3,TA98,no,16.008752971687915,-0.03263453641668473,0.10703787318708867,0.770750795346641,0.015256393185508888,8,1.206896551724138,FALSE
biotic,1,14,TA98,no,11.034687702615082,0.11141128160795327,0.11796327117056275,0.38139719797702676,0.12942538742287313,8,1.1586206896551723,FALSE
abiotic,1,14,TA98,no,25.051653339096607,0.11605792089907054,0.14058305016810554,0.44064294175450325,0.1020018060929639,8,1.7379310344827585,FALSE
biotic,2,3,TA98,no,21.51512859304085,0.04236006051437219,0.10798023031893367,0.7083968103563165,0.025007746568725765,8,1.3517241379310345,FALSE
biotic,2,14,TA98,no,17.425221525826668,-0.023665441971039633,0.09955571540166157,0.8200149174611784,0.009329850210004782,8,1.206896551724138,FALSE
abiotic,2,14,TA98,no,24.07650745623514,-0.10006483682731812,0.15841203522324776,0.5508921654329588,0.062355342464398715,8,1.689655172413793,FALSE
biotic,1,3,TA98,yes,34.87799870326345,-0.11303220229090145,0.11194171373227306,0.3515913250554525,0.14524776854580182,8,1.095890410958904,FALSE
biotic,1,14,TA98,yes,27.678625459260857,0.18586557164469433,0.0930081469260861,0.0926340916524315,0.39961097903609255,8,1.095890410958904,FALSE
abiotic,1,14,TA98,yes,30.143937756645773,0.07445429003674074,0.1342156837393788,0.599128860545378,0.048786501032158314,8,1.0684931506849316,FALSE
biotic,2,3,TA98,yes,29.028960449535333,0.052517830127512384,0.09263610680868566,0.5913258346332018,0.0508439550636873,8,0.9315068493150684,FALSE
biotic,2,14,TA98,yes,32.32861465312297,0.07726388588718362,0.08275568704781289,0.38652206512689335,0.1268511559341825,8,1.1232876712328768,FALSE
abiotic,2,14,TA98,yes,26.239896261076293,-0.042576183272098826,0.3541825837617286,0.9082413232460653,0.0024026090245211824,8,1.0136986301369864,FALSE
biotic,1,3,TA100,no,69.24130105900151,-0.4243570347957647,0.13875818828668274,0.022274966216331033,0.6091939592918896,8,1.4680851063829787,FALSE
biotic,1,14,TA100,no,70.15733736762482,-0.2594553706505301,0.20671267136829272,0.2560954590583896,0.20796272573257288,8,1.6595744680851063,FALSE
abiotic,1,14,TA100,no,67.19267343851308,-0.13194294359196068,0.13649080437111105,0.37103632362398553,0.13475728492328232,8,1.5319148936170213,FALSE
biotic,2,3,TA100,no,63.04322455154527,-0.09325696995893697,0.16387067789245063,0.589947660036872,0.05121270446997297,8,1.5106382978723405,FALSE
biotic,2,14,TA100,no,54.90328506591744,0.014912470283120748,0.14176873174240873,0.9196544672985476,0.001840716367683965,8,1.3829787234042554,FALSE
abiotic,2,14,TA100,no,64.02625891506375,-0.09790360925005466,0.16355605238290682,0.5713346050207924,0.056353665807210095,8,1.5319148936170213,FALSE
biotic,1,3,TA100,yes,34.56364815215042,0.16392911173546573,0.10103736997480699,0.15583137396566543,0.30494232066548327,8,0.4109697933227346,FALSE
biotic,1,14,TA100,yes,43.29814134428355,-0.17948995029176634,0.1164831158143446,0.17427177869162133,0.2835309628479537,8,0.4109697933227346,FALSE
abiotic,1,14,TA100,yes,33.34158201858656,-0.10071320510049711,0.11213196271806651,0.4036968473041797,0.11851604438593832,8,0.32352941176470595,FALSE
biotic,2,3,TA100,yes,30.05792089907067,0.10503566025502468,0.10951305024343311,0.3745381681576128,0.13293575751026585,8,0.3322734499205088,FALSE
biotic,2,14,TA100,yes,32.06926734385131,0.13680570564080397,0.12009439476017261,0.2980680739359906,0.17781932581237928,8,0.4284578696343403,FALSE
abiotic,2,14,TA100,yes,37.91463151069807,0.046682515668899985,0.09860283540058719,0.6526335664610075,0.036012226373151456,8,0.38473767885532595,FALSE
